Student_ID,Study_Hours_Per_Week,Attendance_Rate,Past_Exam_Score,Sleep_Hours,Assignments_Completion_Rate,Parental_Education,Internet_Access,Tutoring,Extracurricular_Activities,Study_Environment,Stress_Level,Final_Exam_Score,Performance_Category,Risk_Level
STU-1000,13.0,90.3,71.4,7.9,71.5,Associate Degree,Yes,No,No,Moderate Noise,Medium,54.6,Average (C),Moderate Risk
STU-1001,19.9,94.9,86.9,7.7,73.6,Master's / PhD,Yes,No,Yes,Quiet / Dedicated,High,72.6,Good (B),Low Risk
STU-1002,4.9,88.7,74.3,6.4,48.4,Bachelor's Degree,Yes,Yes,Yes,Noisy / Distracting,Low,48.6,At-Risk (Fail),High Risk
STU-1003,23.2,43.1,58.5,6.1,44.8,Bachelor's Degree,Yes,No,Yes,Moderate Noise,Low,41.1,At-Risk (Fail),High Risk
STU-1004,38.0,93.5,85.0,6.7,74.3,High School,Yes,No,Yes,Quiet / Dedicated,Medium,78.5,Good (B),Low Risk
STU-1005,12.2,79.1,87.8,5.9,61.8,High School,Yes,No,Yes,Noisy / Distracting,High,49.8,At-Risk (Fail),High Risk
STU-1006,11.2,65.9,56.7,5.6,43.3,High School,Yes,No,No,Quiet / Dedicated,Medium,29.8,At-Risk (Fail),High Risk
STU-1007,11.8,90.1,99.0,7.6,65.3,Master's / PhD,Yes,Yes,Yes,Quiet / Dedicated,Medium,79.0,Good (B),Low Risk
STU-1008,13.4,76.0,68.0,7.1,51.8,Bachelor's Degree,Yes,No,No,Moderate Noise,Medium,50.3,Average (C),Moderate Risk
STU-1009,10.7,86.7,81.3,7.1,71.0,Bachelor's Degree,Yes,Yes,No,Quiet / Dedicated,High,61.9,Average (C),Moderate Risk
STU-1010,3.3,69.7,78.2,8.1,44.2,High School,Yes,No,Yes,Moderate Noise,High,40.0,At-Risk (Fail),High Risk
STU-1011,11.6,84.6,58.2,6.9,54.9,Master's / PhD,Yes,Yes,Yes,Moderate Noise,High,47.9,At-Risk (Fail),High Risk
STU-1012,13.9,66.8,61.7,8.0,64.5,Bachelor's Degree,No,Yes,Yes,Noisy / Distracting,Low,58.8,Average (C),Moderate Risk
STU-1013,24.5,80.0,68.9,6.3,67.1,High School,Yes,Yes,No,Quiet / Dedicated,Low,63.7,Average (C),Moderate Risk
STU-1014,7.0,65.3,41.8,6.3,52.7,High School,Yes,No,No,Quiet / Dedicated,Medium,27.7,At-Risk (Fail),High Risk
STU-1015,29.7,91.6,79.5,7.1,88.5,High School,Yes,Yes,Yes,Moderate Noise,High,76.6,Good (B),Low Risk
STU-1016,10.2,95.7,41.5,9.4,70.2,Associate Degree,Yes,No,Yes,Quiet / Dedicated,Medium,38.5,At-Risk (Fail),High Risk
STU-1017,7.6,84.1,68.2,8.5,56.3,Bachelor's Degree,No,No,No,Moderate Noise,Low,42.8,At-Risk (Fail),High Risk
STU-1018,18.2,60.2,58.6,8.3,65.6,Associate Degree,Yes,Yes,Yes,Moderate Noise,High,46.6,At-Risk (Fail),High Risk
STU-1019,9.6,86.2,76.1,5.6,68.0,Associate Degree,No,No,Yes,Quiet / Dedicated,Low,52.8,Average (C),Moderate Risk
STU-1020,12.4,80.7,37.1,7.3,75.4,Bachelor's Degree,Yes,Yes,No,Quiet / Dedicated,Medium,48.6,At-Risk (Fail),High Risk
STU-1021,12.8,65.3,44.7,8.0,47.6,High School,No,No,No,Noisy / Distracting,Medium,18.6,At-Risk (Fail),High Risk
STU-1022,17.7,70.2,59.6,9.4,62.3,Associate Degree,Yes,No,No,Noisy / Distracting,Medium,39.3,At-Risk (Fail),High Risk
STU-1023,12.1,53.2,75.3,5.2,50.6,Associate Degree,Yes,Yes,No,Quiet / Dedicated,Medium,42.8,At-Risk (Fail),High Risk
STU-1024,11.4,92.4,71.1,7.9,54.9,Associate Degree,Yes,Yes,No,Quiet / Dedicated,Medium,61.7,Average (C),Moderate Risk
STU-1025,10.1,69.0,82.7,8.3,65.3,Bachelor's Degree,Yes,Yes,Yes,Quiet / Dedicated,Medium,61.1,Average (C),Moderate Risk
STU-1026,16.7,89.1,69.5,7.6,56.8,High School,Yes,No,No,Noisy / Distracting,Medium,48.6,At-Risk (Fail),High Risk
STU-1027,9.3,96.2,67.8,5.6,69.5,Bachelor's Degree,Yes,No,No,Quiet / Dedicated,Medium,53.5,Average (C),Moderate Risk
STU-1028,24.9,92.4,53.0,7.4,79.7,Bachelor's Degree,Yes,No,No,Moderate Noise,Medium,61.2,Average (C),Moderate Risk
STU-1029,12.9,69.1,64.9,7.6,46.3,High School,Yes,No,Yes,Quiet / Dedicated,Low,47.4,At-Risk (Fail),High Risk
STU-1030,4.1,75.4,67.7,7.3,59.9,Bachelor's Degree,Yes,Yes,Yes,Moderate Noise,Low,45.5,At-Risk (Fail),High Risk
STU-1031,15.0,70.3,39.2,6.3,46.6,High School,Yes,No,Yes,Quiet / Dedicated,Low,30.9,At-Risk (Fail),High Risk
STU-1032,16.4,89.8,55.5,6.2,54.8,High School,Yes,No,Yes,Moderate Noise,Low,54.5,Average (C),Moderate Risk
STU-1033,25.1,89.7,74.5,7.6,77.2,Master's / PhD,Yes,Yes,Yes,Quiet / Dedicated,Medium,80.5,Excellent (A),Low Risk
STU-1034,8.1,68.1,70.5,6.4,50.9,Master's / PhD,Yes,Yes,No,Moderate Noise,High,44.3,At-Risk (Fail),High Risk
STU-1035,7.4,93.3,64.5,6.4,71.5,Bachelor's Degree,Yes,Yes,No,Quiet / Dedicated,Medium,54.8,Average (C),Moderate Risk
STU-1036,18.0,66.8,59.5,6.9,52.2,Associate Degree,Yes,No,Yes,Moderate Noise,High,50.0,Average (C),Moderate Risk
STU-1037,22.9,87.3,43.6,7.3,67.2,High School,Yes,No,No,Noisy / Distracting,Medium,44.9,At-Risk (Fail),High Risk
STU-1038,7.9,50.9,37.5,8.2,42.6,Bachelor's Degree,Yes,Yes,Yes,Quiet / Dedicated,Medium,28.2,At-Risk (Fail),High Risk
STU-1039,14.7,82.1,63.7,5.8,68.6,Associate Degree,Yes,No,Yes,Noisy / Distracting,Medium,42.8,At-Risk (Fail),High Risk
STU-1040,12.3,62.2,88.8,5.7,42.8,High School,Yes,Yes,Yes,Moderate Noise,Low,49.8,At-Risk (Fail),High Risk
STU-1041,8.1,63.0,68.5,6.7,48.6,Associate Degree,Yes,No,Yes,Quiet / Dedicated,Low,37.9,At-Risk (Fail),High Risk
STU-1042,11.9,87.3,82.3,5.1,62.3,High School,Yes,Yes,Yes,Quiet / Dedicated,Medium,55.0,Average (C),Moderate Risk
STU-1043,22.1,55.8,51.5,7.7,67.7,Master's / PhD,Yes,No,Yes,Quiet / Dedicated,High,48.7,At-Risk (Fail),High Risk
STU-1044,12.9,85.6,72.0,4.9,69.1,Associate Degree,No,No,Yes,Moderate Noise,Low,48.1,At-Risk (Fail),High Risk
STU-1045,11.5,41.6,58.1,7.9,51.8,Bachelor's Degree,Yes,No,No,Moderate Noise,Low,31.6,At-Risk (Fail),High Risk
STU-1046,17.5,65.8,57.6,8.3,52.3,Associate Degree,Yes,No,Yes,Quiet / Dedicated,High,33.0,At-Risk (Fail),High Risk
STU-1047,23.1,81.6,78.4,7.4,80.3,Bachelor's Degree,Yes,Yes,No,Quiet / Dedicated,Low,74.9,Good (B),Low Risk
STU-1048,7.0,89.4,66.3,5.1,71.6,Bachelor's Degree,Yes,No,No,Moderate Noise,High,45.0,At-Risk (Fail),High Risk
STU-1049,15.0,67.7,48.6,7.2,46.1,High School,Yes,Yes,No,Noisy / Distracting,Medium,29.4,At-Risk (Fail),High Risk
STU-1050,10.3,60.5,69.4,6.2,36.4,Master's / PhD,No,Yes,No,Quiet / Dedicated,High,37.2,At-Risk (Fail),High Risk
STU-1051,13.0,75.4,58.0,5.8,43.6,Bachelor's Degree,Yes,No,Yes,Noisy / Distracting,Medium,40.2,At-Risk (Fail),High Risk
STU-1052,18.2,88.2,47.8,7.7,64.6,Master's / PhD,Yes,Yes,Yes,Moderate Noise,Medium,51.8,Average (C),Moderate Risk
STU-1053,10.8,75.2,54.1,7.9,55.6,Master's / PhD,No,Yes,No,Quiet / Dedicated,Medium,37.3,At-Risk (Fail),High Risk
STU-1054,12.1,77.3,96.6,8.5,66.2,Bachelor's Degree,Yes,No,Yes,Moderate Noise,Medium,61.0,Average (C),Moderate Risk
STU-1055,21.1,95.4,85.0,6.8,68.3,Master's / PhD,Yes,No,No,Quiet / Dedicated,Medium,72.3,Good (B),Low Risk
STU-1056,16.1,72.8,39.8,7.3,53.5,High School,Yes,No,No,Quiet / Dedicated,Low,30.4,At-Risk (Fail),High Risk
STU-1057,11.9,80.4,65.4,8.9,73.2,High School,Yes,Yes,No,Quiet / Dedicated,Medium,54.5,Average (C),Moderate Risk
STU-1058,13.7,76.3,66.4,9.4,50.4,High School,Yes,Yes,No,Moderate Noise,Medium,50.0,Average (C),Moderate Risk
STU-1059,13.1,88.3,64.3,8.3,82.6,Associate Degree,No,No,No,Moderate Noise,High,45.6,At-Risk (Fail),High Risk
STU-1060,3.9,75.1,58.7,6.7,51.2,Associate Degree,Yes,Yes,No,Quiet / Dedicated,Medium,44.3,At-Risk (Fail),High Risk
STU-1061,13.8,96.4,78.5,7.1,67.1,Associate Degree,Yes,Yes,Yes,Quiet / Dedicated,Medium,62.4,Average (C),Moderate Risk
STU-1062,5.6,93.3,81.2,6.9,59.8,Bachelor's Degree,Yes,No,No,Quiet / Dedicated,Low,59.2,Average (C),Moderate Risk
STU-1063,22.8,76.9,82.7,7.9,77.1,Associate Degree,Yes,No,Yes,Moderate Noise,Medium,63.7,Average (C),Moderate Risk
STU-1064,5.5,53.8,72.6,6.2,45.6,Associate Degree,Yes,No,Yes,Quiet / Dedicated,Medium,40.3,At-Risk (Fail),High Risk
STU-1065,10.0,90.3,76.5,7.5,72.1,Bachelor's Degree,Yes,Yes,No,Moderate Noise,High,47.9,At-Risk (Fail),High Risk
STU-1066,8.9,87.1,63.2,7.5,63.8,High School,Yes,Yes,Yes,Quiet / Dedicated,High,47.4,At-Risk (Fail),High Risk
STU-1067,27.3,55.9,45.9,7.5,58.9,Bachelor's Degree,Yes,No,Yes,Quiet / Dedicated,Low,49.5,At-Risk (Fail),High Risk
STU-1068,22.3,89.3,45.6,6.0,74.1,High School,Yes,Yes,Yes,Quiet / Dedicated,High,49.7,At-Risk (Fail),High Risk
STU-1069,2.4,44.2,56.1,7.4,33.8,Master's / PhD,Yes,No,No,Quiet / Dedicated,Low,33.2,At-Risk (Fail),High Risk
STU-1070,12.6,59.9,65.2,9.0,56.7,Bachelor's Degree,Yes,No,Yes,Noisy / Distracting,Medium,37.0,At-Risk (Fail),High Risk
STU-1071,6.2,71.3,50.0,6.6,58.3,High School,Yes,No,No,Quiet / Dedicated,Medium,22.7,At-Risk (Fail),High Risk
STU-1072,13.8,99.3,52.2,7.4,60.2,High School,Yes,Yes,Yes,Quiet / Dedicated,Low,59.6,Average (C),Moderate Risk
STU-1073,18.0,74.5,62.7,5.1,59.2,Bachelor's Degree,Yes,Yes,No,Quiet / Dedicated,Medium,50.1,Average (C),Moderate Risk
STU-1074,14.5,90.7,80.1,7.4,68.7,Bachelor's Degree,Yes,No,No,Quiet / Dedicated,Low,72.6,Good (B),Low Risk
STU-1075,18.6,97.1,72.7,7.3,65.4,Bachelor's Degree,Yes,No,Yes,Quiet / Dedicated,Low,69.2,Good (B),Low Risk
STU-1076,10.9,67.0,55.9,7.2,39.6,Bachelor's Degree,Yes,No,Yes,Quiet / Dedicated,Medium,42.6,At-Risk (Fail),High Risk
STU-1077,14.7,87.4,68.6,7.9,54.0,High School,Yes,Yes,Yes,Moderate Noise,Medium,64.4,Average (C),Moderate Risk
STU-1078,18.2,90.5,49.4,6.8,74.8,Associate Degree,Yes,Yes,No,Moderate Noise,High,42.6,At-Risk (Fail),High Risk
STU-1079,9.8,88.9,55.9,8.4,66.7,High School,Yes,No,No,Quiet / Dedicated,Medium,46.6,At-Risk (Fail),High Risk
STU-1080,7.5,60.3,44.8,6.1,40.4,Master's / PhD,Yes,No,No,Quiet / Dedicated,Medium,35.0,At-Risk (Fail),High Risk
STU-1081,8.6,58.5,74.0,8.7,61.5,Bachelor's Degree,Yes,No,Yes,Noisy / Distracting,Medium,42.7,At-Risk (Fail),High Risk
STU-1082,11.8,46.2,64.0,7.3,30.0,Associate Degree,Yes,Yes,No,Quiet / Dedicated,Low,40.2,At-Risk (Fail),High Risk
STU-1083,12.8,84.6,65.8,7.0,59.3,High School,Yes,No,No,Quiet / Dedicated,Low,46.1,At-Risk (Fail),High Risk
STU-1084,15.2,91.6,79.3,5.5,62.7,Associate Degree,No,No,No,Quiet / Dedicated,Medium,58.1,Average (C),Moderate Risk
STU-1085,8.1,67.2,54.0,5.9,39.4,Associate Degree,Yes,No,No,Quiet / Dedicated,Medium,37.4,At-Risk (Fail),High Risk
STU-1086,18.5,81.7,74.5,7.5,71.1,Bachelor's Degree,Yes,No,Yes,Moderate Noise,Medium,66.6,Good (B),Low Risk
STU-1087,30.5,89.2,95.8,6.3,78.1,Bachelor's Degree,Yes,Yes,Yes,Quiet / Dedicated,Medium,85.6,Excellent (A),Low Risk
STU-1088,8.9,89.5,54.3,8.2,55.8,Master's / PhD,Yes,No,No,Moderate Noise,Medium,44.6,At-Risk (Fail),High Risk
STU-1089,38.0,66.7,46.1,7.4,72.8,Associate Degree,Yes,Yes,No,Quiet / Dedicated,Low,57.7,Average (C),Moderate Risk
STU-1090,32.7,68.1,50.4,5.5,85.7,High School,Yes,No,No,Quiet / Dedicated,Low,56.3,Average (C),Moderate Risk
STU-1091,12.8,82.8,73.4,7.9,68.0,Bachelor's Degree,No,No,Yes,Moderate Noise,High,48.1,At-Risk (Fail),High Risk
STU-1092,11.6,86.2,92.4,6.9,61.7,Bachelor's Degree,Yes,No,Yes,Quiet / Dedicated,Medium,72.6,Good (B),Low Risk
STU-1093,8.5,79.7,91.9,7.0,60.3,Bachelor's Degree,Yes,No,Yes,Moderate Noise,High,56.5,Average (C),Moderate Risk
STU-1094,20.0,78.2,79.8,8.2,69.5,Bachelor's Degree,Yes,Yes,Yes,Quiet / Dedicated,Low,66.4,Good (B),Low Risk
STU-1095,13.2,76.1,80.3,5.6,60.2,Associate Degree,Yes,No,No,Moderate Noise,High,38.5,At-Risk (Fail),High Risk
STU-1096,14.0,77.1,74.5,5.9,61.5,Bachelor's Degree,Yes,No,No,Quiet / Dedicated,Low,56.4,Average (C),Moderate Risk
STU-1097,7.6,86.2,78.2,7.5,55.2,Associate Degree,Yes,Yes,Yes,Noisy / Distracting,Low,58.8,Average (C),Moderate Risk
STU-1098,20.3,90.1,72.3,5.2,74.4,High School,Yes,Yes,Yes,Quiet / Dedicated,High,49.8,At-Risk (Fail),High Risk
STU-1099,11.1,82.5,56.8,6.4,58.0,High School,No,No,Yes,Noisy / Distracting,Medium,40.9,At-Risk (Fail),High Risk
STU-1100,6.5,80.1,92.0,8.2,47.5,High School,Yes,Yes,Yes,Quiet / Dedicated,Medium,53.8,Average (C),Moderate Risk
STU-1101,12.2,82.4,86.7,7.0,70.3,Bachelor's Degree,Yes,No,No,Moderate Noise,Low,65.9,Good (B),Low Risk
STU-1102,7.9,81.3,57.1,5.6,59.4,Associate Degree,Yes,No,No,Quiet / Dedicated,Medium,42.4,At-Risk (Fail),High Risk
STU-1103,25.1,85.9,77.1,7.3,77.3,Bachelor's Degree,Yes,No,Yes,Noisy / Distracting,High,67.9,Good (B),Low Risk
STU-1104,32.5,65.2,88.5,6.7,73.5,Master's / PhD,Yes,Yes,No,Quiet / Dedicated,Medium,69.2,Good (B),Low Risk
STU-1105,12.4,67.2,73.9,6.3,42.4,High School,Yes,No,No,Quiet / Dedicated,Medium,48.7,At-Risk (Fail),High Risk
STU-1106,22.0,40.0,65.1,10.0,55.7,Associate Degree,Yes,No,No,Quiet / Dedicated,Low,36.2,At-Risk (Fail),High Risk
STU-1107,21.7,61.2,88.0,7.7,67.5,Bachelor's Degree,Yes,Yes,Yes,Quiet / Dedicated,Medium,66.7,Good (B),Low Risk
STU-1108,2.0,89.7,71.6,6.8,53.9,High School,Yes,No,No,Quiet / Dedicated,Medium,48.9,At-Risk (Fail),High Risk
STU-1109,8.6,86.3,59.2,8.1,69.8,High School,Yes,No,Yes,Noisy / Distracting,Low,47.4,At-Risk (Fail),High Risk
STU-1110,13.6,53.4,51.9,6.8,52.6,Associate Degree,No,No,Yes,Noisy / Distracting,Medium,20.0,At-Risk (Fail),High Risk
STU-1111,9.9,86.5,27.0,6.5,56.0,High School,Yes,Yes,Yes,Quiet / Dedicated,Low,30.1,At-Risk (Fail),High Risk
STU-1112,8.2,69.4,95.6,7.4,59.5,Master's / PhD,Yes,No,Yes,Noisy / Distracting,High,59.3,Average (C),Moderate Risk
STU-1113,22.4,91.6,56.3,7.7,89.0,Bachelor's Degree,Yes,Yes,Yes,Moderate Noise,Medium,66.5,Good (B),Low Risk
STU-1114,9.7,84.2,81.5,8.1,64.0,Bachelor's Degree,Yes,Yes,Yes,Quiet / Dedicated,Low,65.5,Good (B),Low Risk
STU-1115,15.2,90.4,55.1,8.7,55.1,Master's / PhD,Yes,No,Yes,Moderate Noise,Medium,46.8,At-Risk (Fail),High Risk
STU-1116,21.4,86.4,70.3,8.4,76.9,Bachelor's Degree,No,No,No,Moderate Noise,Medium,59.2,Average (C),Moderate Risk
STU-1117,25.9,77.5,74.3,8.0,81.9,High School,Yes,Yes,No,Noisy / Distracting,Medium,67.1,Good (B),Low Risk
STU-1118,6.6,84.9,50.7,8.2,55.1,Master's / PhD,Yes,Yes,Yes,Quiet / Dedicated,High,52.5,Average (C),Moderate Risk
STU-1119,6.9,78.8,81.4,8.4,59.5,Bachelor's Degree,Yes,Yes,No,Moderate Noise,Medium,54.1,Average (C),Moderate Risk
STU-1120,14.3,72.3,65.2,7.9,50.9,Bachelor's Degree,Yes,Yes,No,Quiet / Dedicated,High,52.7,Average (C),Moderate Risk
STU-1121,3.2,82.6,75.7,5.4,51.8,Master's / PhD,Yes,Yes,No,Quiet / Dedicated,Medium,55.4,Average (C),Moderate Risk
STU-1122,7.1,66.0,88.4,7.6,43.6,Associate Degree,Yes,Yes,Yes,Quiet / Dedicated,Low,51.8,Average (C),Moderate Risk
STU-1123,23.7,65.4,78.4,8.6,60.1,High School,No,No,No,Noisy / Distracting,Medium,54.1,Average (C),Moderate Risk
STU-1124,17.7,83.1,66.7,6.2,63.6,High School,Yes,No,No,Moderate Noise,Medium,50.9,Average (C),Moderate Risk
STU-1125,11.8,79.3,95.2,6.7,55.4,Associate Degree,Yes,No,No,Moderate Noise,Medium,60.8,Average (C),Moderate Risk
STU-1126,16.4,85.8,67.4,7.0,66.8,Bachelor's Degree,Yes,No,Yes,Quiet / Dedicated,High,53.8,Average (C),Moderate Risk
STU-1127,18.4,76.2,69.3,7.3,68.4,Master's / PhD,Yes,Yes,Yes,Quiet / Dedicated,Medium,62.3,Average (C),Moderate Risk
STU-1128,5.2,40.0,65.7,6.5,30.0,High School,Yes,No,No,Quiet / Dedicated,High,21.2,At-Risk (Fail),High Risk
STU-1129,9.6,94.9,50.8,7.2,56.4,Bachelor's Degree,Yes,No,Yes,Quiet / Dedicated,Medium,44.8,At-Risk (Fail),High Risk
STU-1130,25.4,94.8,49.3,7.7,85.2,Associate Degree,Yes,No,Yes,Quiet / Dedicated,Medium,63.3,Average (C),Moderate Risk
STU-1131,14.5,75.2,60.2,4.9,58.2,High School,Yes,No,Yes,Moderate Noise,Medium,40.8,At-Risk (Fail),High Risk
STU-1132,14.9,86.5,53.8,7.2,59.4,High School,Yes,No,No,Moderate Noise,Medium,41.0,At-Risk (Fail),High Risk
STU-1133,12.4,64.3,64.1,6.7,54.6,Associate Degree,Yes,No,No,Quiet / Dedicated,High,37.6,At-Risk (Fail),High Risk
STU-1134,3.9,97.1,79.6,5.2,73.8,Master's / PhD,No,Yes,Yes,Quiet / Dedicated,Medium,53.0,Average (C),Moderate Risk
STU-1135,8.9,74.1,62.3,7.7,54.2,Associate Degree,Yes,No,No,Quiet / Dedicated,Low,41.5,At-Risk (Fail),High Risk
STU-1136,15.8,93.7,71.1,7.4,62.0,Bachelor's Degree,Yes,No,Yes,Quiet / Dedicated,Medium,64.0,Average (C),Moderate Risk
STU-1137,9.7,70.1,60.9,7.3,54.7,Bachelor's Degree,Yes,No,No,Noisy / Distracting,Medium,38.9,At-Risk (Fail),High Risk
STU-1138,6.7,82.0,99.0,7.8,56.4,Associate Degree,No,No,No,Moderate Noise,Low,51.6,Average (C),Moderate Risk
STU-1139,7.3,82.0,89.1,7.5,58.4,Master's / PhD,No,Yes,No,Moderate Noise,Low,61.9,Average (C),Moderate Risk
STU-1140,25.7,90.1,64.5,6.3,79.2,Master's / PhD,Yes,Yes,No,Quiet / Dedicated,Medium,66.9,Good (B),Low Risk
STU-1141,9.4,96.7,71.8,7.9,59.2,Associate Degree,Yes,No,Yes,Quiet / Dedicated,Medium,61.4,Average (C),Moderate Risk
STU-1142,23.0,89.9,49.2,8.1,66.0,Associate Degree,Yes,No,No,Quiet / Dedicated,Medium,53.5,Average (C),Moderate Risk
STU-1143,15.0,86.4,65.0,5.9,56.1,Associate Degree,Yes,No,Yes,Noisy / Distracting,Low,45.6,At-Risk (Fail),High Risk
STU-1144,11.1,95.0,59.6,8.1,60.8,Associate Degree,Yes,Yes,No,Moderate Noise,Low,53.9,Average (C),Moderate Risk
STU-1145,8.0,52.9,78.4,6.8,36.9,High School,Yes,Yes,No,Quiet / Dedicated,Medium,48.0,At-Risk (Fail),High Risk
STU-1146,18.0,75.9,55.0,7.8,66.6,Bachelor's Degree,Yes,No,No,Quiet / Dedicated,Medium,57.6,Average (C),Moderate Risk
STU-1147,21.6,93.3,91.2,7.3,69.9,Bachelor's Degree,Yes,No,Yes,Quiet / Dedicated,Low,81.4,Excellent (A),Low Risk
STU-1148,18.9,64.0,67.1,6.9,60.1,High School,Yes,No,No,Moderate Noise,Medium,44.0,At-Risk (Fail),High Risk
STU-1149,5.5,77.7,55.8,7.7,58.7,Associate Degree,Yes,No,Yes,Noisy / Distracting,Medium,37.0,At-Risk (Fail),High Risk
STU-1150,9.4,73.6,68.5,6.7,55.1,Master's / PhD,Yes,No,Yes,Moderate Noise,Low,49.7,At-Risk (Fail),High Risk
STU-1151,10.1,80.8,78.3,8.3,52.4,High School,Yes,Yes,No,Moderate Noise,Low,53.7,Average (C),Moderate Risk
STU-1152,3.4,82.1,75.3,8.5,62.1,High School,Yes,No,Yes,Quiet / Dedicated,Low,48.0,At-Risk (Fail),High Risk
STU-1153,16.3,79.6,70.2,6.5,67.2,Associate Degree,Yes,No,No,Quiet / Dedicated,High,47.8,At-Risk (Fail),High Risk
STU-1154,17.5,83.2,80.3,6.9,58.2,Master's / PhD,Yes,No,Yes,Quiet / Dedicated,Medium,69.3,Good (B),Low Risk
STU-1155,17.2,88.8,79.4,6.7,71.2,High School,No,No,Yes,Quiet / Dedicated,Medium,61.9,Average (C),Moderate Risk
STU-1156,15.7,55.4,79.5,7.5,51.5,Bachelor's Degree,Yes,No,No,Moderate Noise,Medium,50.2,Average (C),Moderate Risk
STU-1157,10.6,80.6,64.1,8.5,58.5,Bachelor's Degree,Yes,Yes,Yes,Moderate Noise,Medium,55.9,Average (C),Moderate Risk
STU-1158,7.8,62.3,64.0,5.3,58.6,High School,Yes,No,Yes,Quiet / Dedicated,Medium,37.1,At-Risk (Fail),High Risk
STU-1159,10.5,84.0,65.1,5.5,84.0,Bachelor's Degree,Yes,Yes,No,Moderate Noise,Medium,45.6,At-Risk (Fail),High Risk
STU-1160,15.0,79.9,61.1,7.0,55.2,Associate Degree,Yes,No,Yes,Quiet / Dedicated,Low,50.7,Average (C),Moderate Risk
STU-1161,24.2,84.3,69.5,7.3,67.0,Bachelor's Degree,Yes,Yes,No,Quiet / Dedicated,Medium,73.6,Good (B),Low Risk
STU-1162,13.2,81.4,67.9,6.1,64.0,Bachelor's Degree,No,Yes,Yes,Quiet / Dedicated,High,47.1,At-Risk (Fail),High Risk
STU-1163,13.0,65.1,91.2,7.3,49.4,Bachelor's Degree,Yes,No,No,Quiet / Dedicated,Medium,56.1,Average (C),Moderate Risk
STU-1164,3.6,85.7,60.9,6.3,55.2,High School,No,Yes,No,Quiet / Dedicated,Medium,41.5,At-Risk (Fail),High Risk
STU-1165,15.6,62.5,54.2,6.6,52.8,Bachelor's Degree,Yes,No,No,Quiet / Dedicated,Low,42.0,At-Risk (Fail),High Risk
STU-1166,25.1,79.3,77.0,8.5,62.8,Associate Degree,Yes,No,Yes,Quiet / Dedicated,Medium,66.6,Good (B),Low Risk
STU-1167,11.9,92.5,69.0,6.7,73.8,High School,No,Yes,No,Noisy / Distracting,Medium,49.1,At-Risk (Fail),High Risk
STU-1168,11.4,86.3,58.4,6.7,73.7,High School,Yes,No,No,Quiet / Dedicated,High,41.0,At-Risk (Fail),High Risk
STU-1169,10.2,80.5,78.9,7.2,64.1,Bachelor's Degree,Yes,No,No,Quiet / Dedicated,Medium,54.9,Average (C),Moderate Risk
STU-1170,18.3,80.7,64.1,8.3,62.1,Bachelor's Degree,Yes,No,Yes,Quiet / Dedicated,High,46.4,At-Risk (Fail),High Risk
STU-1171,3.5,71.5,89.3,7.1,47.4,High School,Yes,Yes,No,Moderate Noise,Medium,46.5,At-Risk (Fail),High Risk
STU-1172,23.1,40.5,54.7,6.5,42.1,Bachelor's Degree,Yes,Yes,No,Quiet / Dedicated,High,39.7,At-Risk (Fail),High Risk
STU-1173,11.1,85.0,59.9,7.7,61.5,High School,Yes,Yes,Yes,Moderate Noise,Medium,53.7,Average (C),Moderate Risk
STU-1174,15.7,86.8,69.8,8.0,61.4,Bachelor's Degree,Yes,Yes,Yes,Quiet / Dedicated,Medium,60.5,Average (C),Moderate Risk
STU-1175,19.1,56.6,87.0,8.4,53.3,High School,Yes,Yes,No,Moderate Noise,Medium,49.6,At-Risk (Fail),High Risk
STU-1176,7.2,81.9,58.0,7.1,47.7,Bachelor's Degree,Yes,No,Yes,Moderate Noise,Medium,47.3,At-Risk (Fail),High Risk
STU-1177,12.5,88.4,73.3,7.6,73.2,Associate Degree,Yes,No,No,Quiet / Dedicated,High,59.7,Average (C),Moderate Risk
STU-1178,11.0,54.8,51.7,8.0,47.8,Master's / PhD,Yes,No,No,Quiet / Dedicated,Low,40.8,At-Risk (Fail),High Risk
STU-1179,6.2,87.9,80.8,7.3,60.0,High School,Yes,No,No,Quiet / Dedicated,Low,49.9,At-Risk (Fail),High Risk
STU-1180,21.5,59.3,58.9,8.6,54.3,Associate Degree,Yes,Yes,Yes,Moderate Noise,High,45.4,At-Risk (Fail),High Risk
STU-1181,10.5,65.1,76.7,7.8,52.5,High School,No,Yes,Yes,Quiet / Dedicated,Medium,49.0,At-Risk (Fail),High Risk
STU-1182,6.0,71.2,77.4,9.2,57.9,Master's / PhD,Yes,Yes,No,Quiet / Dedicated,Medium,54.2,Average (C),Moderate Risk
STU-1183,13.0,82.0,42.6,8.1,54.7,Master's / PhD,Yes,Yes,Yes,Noisy / Distracting,Medium,43.2,At-Risk (Fail),High Risk
STU-1184,5.0,78.7,70.9,5.0,67.3,Associate Degree,Yes,No,No,Quiet / Dedicated,Low,38.5,At-Risk (Fail),High Risk
STU-1185,9.7,85.0,60.9,6.7,52.5,Bachelor's Degree,Yes,No,Yes,Moderate Noise,High,42.0,At-Risk (Fail),High Risk
STU-1186,14.9,83.4,75.0,5.3,65.8,Bachelor's Degree,No,Yes,Yes,Moderate Noise,Medium,54.9,Average (C),Moderate Risk
STU-1187,4.7,96.2,55.8,6.4,64.8,Bachelor's Degree,Yes,Yes,Yes,Quiet / Dedicated,Medium,51.5,Average (C),Moderate Risk
STU-1188,17.7,72.9,59.9,6.7,73.5,Bachelor's Degree,Yes,No,Yes,Quiet / Dedicated,Medium,47.7,At-Risk (Fail),High Risk
STU-1189,13.3,68.6,84.8,8.1,53.6,High School,Yes,No,No,Quiet / Dedicated,High,56.6,Average (C),Moderate Risk
STU-1190,19.1,40.0,83.7,6.6,43.5,High School,Yes,Yes,Yes,Moderate Noise,Low,53.5,Average (C),Moderate Risk
STU-1191,19.0,64.4,54.1,8.6,60.2,Master's / PhD,Yes,No,Yes,Moderate Noise,High,48.1,At-Risk (Fail),High Risk
STU-1192,9.5,88.1,93.1,6.4,67.1,Master's / PhD,Yes,No,Yes,Moderate Noise,Low,70.7,Good (B),Low Risk
STU-1193,9.7,91.4,31.9,6.8,64.4,Bachelor's Degree,Yes,Yes,Yes,Noisy / Distracting,Medium,34.2,At-Risk (Fail),High Risk
STU-1194,16.4,85.9,71.0,5.7,82.6,Associate Degree,Yes,Yes,Yes,Moderate Noise,High,55.5,Average (C),Moderate Risk
STU-1195,6.5,94.6,50.0,8.7,74.9,Associate Degree,Yes,No,No,Quiet / Dedicated,Medium,45.9,At-Risk (Fail),High Risk
STU-1196,6.6,65.7,73.2,8.8,38.3,Bachelor's Degree,Yes,No,Yes,Quiet / Dedicated,Medium,38.6,At-Risk (Fail),High Risk
STU-1197,8.8,72.2,64.3,7.0,56.9,Master's / PhD,Yes,No,Yes,Moderate Noise,Medium,42.1,At-Risk (Fail),High Risk
STU-1198,5.3,67.4,53.8,5.5,47.8,Master's / PhD,No,Yes,Yes,Quiet / Dedicated,Medium,36.5,At-Risk (Fail),High Risk
STU-1199,6.0,90.5,57.7,6.9,56.0,Bachelor's Degree,Yes,No,No,Quiet / Dedicated,Low,50.9,Average (C),Moderate Risk
STU-1200,6.1,84.6,57.0,7.4,65.5,Bachelor's Degree,No,No,Yes,Moderate Noise,High,46.0,At-Risk (Fail),High Risk
STU-1201,10.5,68.4,69.1,6.4,47.0,High School,Yes,No,Yes,Quiet / Dedicated,Medium,42.4,At-Risk (Fail),High Risk
STU-1202,10.2,78.7,81.6,9.7,62.6,High School,Yes,Yes,No,Noisy / Distracting,Medium,39.9,At-Risk (Fail),High Risk
STU-1203,20.7,88.4,95.4,9.1,69.5,Master's / PhD,Yes,No,No,Moderate Noise,Medium,69.9,Good (B),Low Risk
STU-1204,10.6,95.6,65.6,5.2,59.2,Bachelor's Degree,Yes,No,Yes,Quiet / Dedicated,Low,53.0,Average (C),Moderate Risk
STU-1205,12.0,84.4,72.2,5.8,70.9,High School,Yes,No,Yes,Noisy / Distracting,Low,46.8,At-Risk (Fail),High Risk
STU-1206,29.4,89.9,84.6,7.6,84.2,High School,Yes,No,No,Quiet / Dedicated,Medium,76.8,Good (B),Low Risk
STU-1207,2.5,93.8,61.7,5.9,70.2,Bachelor's Degree,Yes,No,Yes,Quiet / Dedicated,High,40.5,At-Risk (Fail),High Risk
STU-1208,14.1,44.9,57.0,7.3,31.3,High School,Yes,No,No,Quiet / Dedicated,Medium,35.6,At-Risk (Fail),High Risk
STU-1209,11.1,85.0,95.3,7.1,61.4,High School,Yes,No,No,Quiet / Dedicated,High,62.8,Average (C),Moderate Risk
STU-1210,14.9,78.6,65.5,7.1,68.8,Bachelor's Degree,Yes,Yes,Yes,Quiet / Dedicated,Low,57.0,Average (C),Moderate Risk
STU-1211,9.1,80.9,71.0,8.2,51.7,Bachelor's Degree,Yes,No,Yes,Quiet / Dedicated,Medium,50.1,Average (C),Moderate Risk
STU-1212,10.6,77.0,45.5,9.1,51.0,Bachelor's Degree,Yes,Yes,Yes,Quiet / Dedicated,Low,39.4,At-Risk (Fail),High Risk
STU-1213,23.6,71.3,60.7,7.5,57.2,High School,Yes,No,No,Quiet / Dedicated,Medium,44.0,At-Risk (Fail),High Risk
STU-1214,16.2,72.7,94.4,5.8,65.9,Bachelor's Degree,Yes,Yes,Yes,Moderate Noise,Low,62.1,Average (C),Moderate Risk
STU-1215,10.9,44.9,74.5,7.3,47.4,High School,No,Yes,Yes,Moderate Noise,High,27.0,At-Risk (Fail),High Risk
STU-1216,7.9,54.9,67.6,6.5,44.8,Associate Degree,Yes,Yes,No,Quiet / Dedicated,Low,46.1,At-Risk (Fail),High Risk
STU-1217,6.5,69.7,87.5,9.3,70.2,Bachelor's Degree,Yes,Yes,No,Quiet / Dedicated,High,55.1,Average (C),Moderate Risk
STU-1218,9.4,83.6,45.0,7.9,67.7,Bachelor's Degree,No,No,Yes,Quiet / Dedicated,Medium,37.9,At-Risk (Fail),High Risk
STU-1219,11.4,67.8,62.2,7.5,65.5,Bachelor's Degree,Yes,No,No,Quiet / Dedicated,High,44.1,At-Risk (Fail),High Risk
STU-1220,29.3,60.0,99.0,7.8,67.7,Bachelor's Degree,Yes,No,Yes,Moderate Noise,Medium,76.5,Good (B),Low Risk
STU-1221,13.6,56.9,67.3,7.1,55.7,Bachelor's Degree,Yes,Yes,Yes,Moderate Noise,High,47.5,At-Risk (Fail),High Risk
STU-1222,8.5,76.8,67.2,8.5,54.2,High School,Yes,Yes,Yes,Quiet / Dedicated,Low,57.0,Average (C),Moderate Risk
STU-1223,2.5,78.6,84.5,6.5,60.7,Associate Degree,Yes,Yes,Yes,Quiet / Dedicated,Medium,56.0,Average (C),Moderate Risk
STU-1224,7.8,65.6,85.5,8.2,37.6,Associate Degree,Yes,Yes,Yes,Quiet / Dedicated,High,55.4,Average (C),Moderate Risk
STU-1225,9.4,87.9,49.8,8.9,44.3,High School,Yes,No,Yes,Moderate Noise,Low,38.5,At-Risk (Fail),High Risk
STU-1226,14.3,56.0,74.0,6.2,56.8,Master's / PhD,Yes,Yes,No,Quiet / Dedicated,Low,52.6,Average (C),Moderate Risk
STU-1227,9.6,84.4,92.6,7.5,43.4,Associate Degree,No,Yes,No,Noisy / Distracting,Medium,58.0,Average (C),Moderate Risk
STU-1228,30.1,90.2,59.0,7.6,79.9,Master's / PhD,Yes,Yes,No,Moderate Noise,High,69.2,Good (B),Low Risk
STU-1229,11.0,72.3,62.8,5.9,61.7,Bachelor's Degree,Yes,Yes,Yes,Quiet / Dedicated,Medium,46.0,At-Risk (Fail),High Risk
STU-1230,21.1,52.3,68.4,5.6,42.0,Bachelor's Degree,Yes,No,Yes,Moderate Noise,Medium,39.2,At-Risk (Fail),High Risk
STU-1231,4.4,73.0,77.7,6.1,59.0,Bachelor's Degree,Yes,No,Yes,Noisy / Distracting,Low,45.8,At-Risk (Fail),High Risk
STU-1232,12.2,79.1,48.0,7.0,73.6,Bachelor's Degree,Yes,Yes,No,Moderate Noise,Low,40.4,At-Risk (Fail),High Risk
STU-1233,7.8,87.1,25.0,7.6,47.9,Associate Degree,Yes,Yes,No,Quiet / Dedicated,High,27.6,At-Risk (Fail),High Risk
STU-1234,21.4,56.3,71.0,6.7,63.4,High School,Yes,No,Yes,Quiet / Dedicated,Low,47.8,At-Risk (Fail),High Risk
STU-1235,10.0,89.8,84.3,9.2,78.8,Bachelor's Degree,No,Yes,Yes,Moderate Noise,Medium,55.5,Average (C),Moderate Risk
STU-1236,23.9,95.2,63.6,8.2,70.7,Associate Degree,Yes,Yes,Yes,Moderate Noise,High,59.6,Average (C),Moderate Risk
STU-1237,17.6,55.5,59.5,7.6,46.7,High School,Yes,No,Yes,Moderate Noise,Low,43.2,At-Risk (Fail),High Risk
STU-1238,9.3,61.1,65.7,6.6,54.6,Bachelor's Degree,Yes,No,Yes,Noisy / Distracting,Medium,40.9,At-Risk (Fail),High Risk
STU-1239,6.4,70.3,90.4,7.2,36.3,High School,Yes,No,No,Noisy / Distracting,Low,47.6,At-Risk (Fail),High Risk
STU-1240,8.1,63.6,58.7,8.3,35.0,Master's / PhD,Yes,No,No,Noisy / Distracting,Medium,32.9,At-Risk (Fail),High Risk
STU-1241,10.6,68.8,76.0,8.1,60.8,Master's / PhD,Yes,No,Yes,Quiet / Dedicated,Low,59.9,Average (C),Moderate Risk
STU-1242,17.5,86.0,51.9,8.1,76.5,Master's / PhD,Yes,No,Yes,Moderate Noise,Medium,56.8,Average (C),Moderate Risk
STU-1243,12.4,55.6,52.5,6.8,52.6,Associate Degree,Yes,No,No,Moderate Noise,Medium,33.0,At-Risk (Fail),High Risk
STU-1244,19.2,90.9,79.8,6.5,79.1,High School,Yes,No,Yes,Moderate Noise,Medium,68.7,Good (B),Low Risk
STU-1245,24.9,66.7,90.9,5.5,64.4,Master's / PhD,Yes,Yes,Yes,Moderate Noise,Medium,63.8,Average (C),Moderate Risk
STU-1246,12.8,86.0,80.4,7.7,56.9,Associate Degree,Yes,No,Yes,Quiet / Dedicated,Low,62.9,Average (C),Moderate Risk
STU-1247,6.9,51.1,39.2,5.4,57.0,Master's / PhD,Yes,No,Yes,Moderate Noise,Medium,21.8,At-Risk (Fail),High Risk
STU-1248,15.3,81.1,62.1,7.1,61.8,Master's / PhD,Yes,No,Yes,Moderate Noise,Medium,52.1,Average (C),Moderate Risk
STU-1249,31.8,96.9,71.3,6.6,85.4,Master's / PhD,Yes,No,No,Quiet / Dedicated,Medium,75.5,Good (B),Low Risk
STU-1250,19.8,79.5,68.8,7.3,65.8,Associate Degree,Yes,No,Yes,Quiet / Dedicated,Low,63.1,Average (C),Moderate Risk
STU-1251,14.6,54.6,41.1,8.4,42.3,Associate Degree,Yes,Yes,Yes,Quiet / Dedicated,Medium,35.2,At-Risk (Fail),High Risk
STU-1252,7.4,57.4,49.8,8.6,30.0,Master's / PhD,Yes,No,No,Quiet / Dedicated,Low,28.7,At-Risk (Fail),High Risk
STU-1253,11.2,58.9,56.8,7.9,39.9,Associate Degree,Yes,Yes,Yes,Quiet / Dedicated,Medium,42.9,At-Risk (Fail),High Risk
STU-1254,4.6,96.7,67.1,6.3,68.5,High School,No,Yes,No,Quiet / Dedicated,Low,55.2,Average (C),Moderate Risk
STU-1255,6.2,98.1,40.9,7.1,57.8,Bachelor's Degree,Yes,Yes,No,Moderate Noise,Medium,39.9,At-Risk (Fail),High Risk
STU-1256,15.4,73.7,76.4,6.1,59.0,Master's / PhD,No,No,Yes,Moderate Noise,Low,49.3,At-Risk (Fail),High Risk
STU-1257,3.9,66.6,66.7,6.4,41.3,Bachelor's Degree,Yes,Yes,No,Moderate Noise,High,37.1,At-Risk (Fail),High Risk
STU-1258,10.3,63.1,53.4,7.6,52.6,Bachelor's Degree,Yes,No,Yes,Moderate Noise,High,39.6,At-Risk (Fail),High Risk
STU-1259,5.8,76.3,70.7,6.0,50.7,High School,Yes,No,No,Quiet / Dedicated,Low,41.3,At-Risk (Fail),High Risk
STU-1260,6.4,81.2,47.8,6.6,52.2,Bachelor's Degree,Yes,Yes,Yes,Quiet / Dedicated,Medium,49.3,At-Risk (Fail),High Risk
STU-1261,12.9,96.9,67.3,5.9,70.3,Master's / PhD,Yes,No,No,Noisy / Distracting,Low,50.5,Average (C),Moderate Risk
STU-1262,8.1,72.7,42.8,7.8,58.2,High School,Yes,No,No,Quiet / Dedicated,Medium,33.2,At-Risk (Fail),High Risk
STU-1263,5.1,88.6,44.8,6.7,66.3,Bachelor's Degree,Yes,Yes,Yes,Noisy / Distracting,Medium,33.2,At-Risk (Fail),High Risk
STU-1264,9.1,72.3,61.6,4.7,58.8,Master's / PhD,Yes,No,Yes,Moderate Noise,Medium,32.5,At-Risk (Fail),High Risk
STU-1265,5.0,82.7,58.0,8.9,72.7,Bachelor's Degree,Yes,Yes,No,Quiet / Dedicated,Medium,45.5,At-Risk (Fail),High Risk
STU-1266,23.2,64.3,73.4,8.2,67.1,Bachelor's Degree,Yes,No,No,Noisy / Distracting,Medium,54.8,Average (C),Moderate Risk
STU-1267,18.0,77.6,67.7,4.9,84.6,Bachelor's Degree,Yes,No,Yes,Quiet / Dedicated,Medium,53.8,Average (C),Moderate Risk
STU-1268,18.0,83.3,97.4,7.9,72.8,Associate Degree,Yes,No,No,Quiet / Dedicated,Low,71.0,Good (B),Low Risk
STU-1269,7.7,86.8,64.3,8.8,68.2,Associate Degree,Yes,No,Yes,Moderate Noise,Medium,48.2,At-Risk (Fail),High Risk
STU-1270,15.7,88.0,25.0,6.9,65.8,Bachelor's Degree,Yes,Yes,Yes,Quiet / Dedicated,Medium,37.5,At-Risk (Fail),High Risk
STU-1271,13.9,86.4,39.5,7.3,68.3,Bachelor's Degree,Yes,Yes,Yes,Noisy / Distracting,Medium,47.6,At-Risk (Fail),High Risk
STU-1272,8.0,77.8,51.3,6.7,49.3,Master's / PhD,No,No,Yes,Quiet / Dedicated,Low,44.4,At-Risk (Fail),High Risk
STU-1273,12.0,84.7,99.0,7.7,68.9,Master's / PhD,No,No,No,Moderate Noise,Medium,69.5,Good (B),Low Risk
STU-1274,4.4,75.8,67.5,8.2,43.9,Bachelor's Degree,Yes,No,Yes,Moderate Noise,Medium,46.7,At-Risk (Fail),High Risk
STU-1275,6.6,84.1,83.5,5.8,64.6,Bachelor's Degree,Yes,No,No,Moderate Noise,Low,53.0,Average (C),Moderate Risk
STU-1276,11.8,79.6,82.1,6.3,72.5,Bachelor's Degree,Yes,No,Yes,Quiet / Dedicated,Medium,60.6,Average (C),Moderate Risk
STU-1277,9.4,84.4,50.3,7.2,63.8,Bachelor's Degree,Yes,No,Yes,Quiet / Dedicated,High,41.8,At-Risk (Fail),High Risk
STU-1278,15.0,84.1,42.9,7.4,71.6,Bachelor's Degree,Yes,Yes,Yes,Moderate Noise,High,44.7,At-Risk (Fail),High Risk
STU-1279,8.1,65.0,77.0,7.5,41.9,Bachelor's Degree,Yes,No,Yes,Quiet / Dedicated,Medium,46.1,At-Risk (Fail),High Risk
STU-1280,10.2,80.2,36.9,6.9,57.2,Master's / PhD,Yes,No,Yes,Moderate Noise,Medium,38.1,At-Risk (Fail),High Risk
STU-1281,12.3,85.9,81.7,6.1,73.4,Associate Degree,No,Yes,Yes,Moderate Noise,Low,59.5,Average (C),Moderate Risk
STU-1282,7.7,63.1,66.4,8.2,50.4,Associate Degree,Yes,No,No,Moderate Noise,High,39.3,At-Risk (Fail),High Risk
STU-1283,10.1,84.8,76.6,5.8,66.3,High School,Yes,No,Yes,Moderate Noise,Low,52.2,Average (C),Moderate Risk
STU-1284,13.9,90.0,72.2,6.6,65.0,Bachelor's Degree,Yes,No,Yes,Quiet / Dedicated,High,59.9,Average (C),Moderate Risk
STU-1285,26.6,83.9,73.0,7.1,55.0,High School,No,Yes,Yes,Moderate Noise,Medium,58.0,Average (C),Moderate Risk
STU-1286,7.8,59.9,69.5,7.6,42.3,Associate Degree,Yes,No,No,Noisy / Distracting,Medium,42.0,At-Risk (Fail),High Risk
STU-1287,9.4,66.1,71.9,6.8,48.5,Bachelor's Degree,Yes,No,No,Quiet / Dedicated,High,42.5,At-Risk (Fail),High Risk
STU-1288,19.7,76.9,68.6,7.9,60.3,Associate Degree,Yes,No,Yes,Noisy / Distracting,Low,46.4,At-Risk (Fail),High Risk
STU-1289,22.2,98.2,48.7,8.5,71.8,Bachelor's Degree,Yes,Yes,Yes,Quiet / Dedicated,Medium,60.0,Average (C),Moderate Risk
STU-1290,16.5,83.1,62.5,6.4,56.1,High School,Yes,Yes,Yes,Quiet / Dedicated,Medium,55.4,Average (C),Moderate Risk
STU-1291,21.9,73.3,98.4,7.5,59.7,High School,Yes,No,No,Quiet / Dedicated,Low,70.5,Good (B),Low Risk
STU-1292,7.5,85.6,72.4,7.4,49.3,Bachelor's Degree,Yes,No,Yes,Noisy / Distracting,Medium,41.6,At-Risk (Fail),High Risk
STU-1293,20.9,74.5,84.0,6.7,67.2,Associate Degree,Yes,No,Yes,Quiet / Dedicated,Medium,65.2,Good (B),Low Risk
STU-1294,18.4,73.0,54.2,5.0,75.6,High School,Yes,No,Yes,Noisy / Distracting,Medium,36.6,At-Risk (Fail),High Risk
STU-1295,6.4,79.0,54.0,7.5,46.4,Bachelor's Degree,Yes,Yes,Yes,Noisy / Distracting,Low,38.2,At-Risk (Fail),High Risk
STU-1296,10.3,81.0,51.2,7.6,63.1,Bachelor's Degree,Yes,No,Yes,Quiet / Dedicated,High,44.3,At-Risk (Fail),High Risk
STU-1297,2.9,95.7,49.4,8.3,68.6,High School,Yes,Yes,No,Quiet / Dedicated,Low,43.4,At-Risk (Fail),High Risk
STU-1298,13.3,85.4,45.3,6.7,51.3,Bachelor's Degree,Yes,Yes,Yes,Moderate Noise,Low,39.5,At-Risk (Fail),High Risk
STU-1299,20.7,59.2,71.3,6.4,49.7,High School,Yes,No,No,Quiet / Dedicated,Low,51.4,Average (C),Moderate Risk
STU-1300,9.1,86.0,63.0,6.1,63.5,High School,No,No,Yes,Moderate Noise,Low,42.0,At-Risk (Fail),High Risk
STU-1301,6.8,96.3,80.3,4.0,62.0,Bachelor's Degree,Yes,No,Yes,Quiet / Dedicated,Low,47.3,At-Risk (Fail),High Risk
STU-1302,6.5,89.9,63.7,6.7,60.7,Bachelor's Degree,Yes,No,No,Quiet / Dedicated,High,42.7,At-Risk (Fail),High Risk
STU-1303,12.2,81.6,34.4,10.0,57.2,Bachelor's Degree,Yes,Yes,Yes,Moderate Noise,Medium,32.0,At-Risk (Fail),High Risk
STU-1304,16.4,51.3,74.2,8.5,46.8,Bachelor's Degree,Yes,Yes,No,Quiet / Dedicated,Low,55.4,Average (C),Moderate Risk
STU-1305,26.9,92.1,39.6,6.0,68.4,Master's / PhD,Yes,Yes,Yes,Quiet / Dedicated,Low,55.5,Average (C),Moderate Risk
STU-1306,2.7,87.7,71.0,6.5,67.8,Bachelor's Degree,Yes,Yes,Yes,Quiet / Dedicated,Medium,57.8,Average (C),Moderate Risk
STU-1307,25.2,43.8,57.2,6.5,55.2,Associate Degree,Yes,Yes,No,Quiet / Dedicated,High,44.9,At-Risk (Fail),High Risk
STU-1308,13.7,87.3,71.3,8.6,82.0,Bachelor's Degree,Yes,Yes,Yes,Moderate Noise,Low,63.7,Average (C),Moderate Risk
STU-1309,20.1,63.8,47.8,9.5,48.5,Associate Degree,Yes,No,No,Moderate Noise,Low,35.3,At-Risk (Fail),High Risk
STU-1310,17.8,59.9,78.9,7.2,46.8,Associate Degree,Yes,No,Yes,Quiet / Dedicated,Low,52.5,Average (C),Moderate Risk
STU-1311,12.6,77.5,68.5,7.4,54.4,High School,Yes,No,No,Moderate Noise,Low,45.6,At-Risk (Fail),High Risk
STU-1312,12.4,80.5,63.2,7.7,68.1,High School,Yes,No,Yes,Moderate Noise,Low,50.4,Average (C),Moderate Risk
STU-1313,15.2,70.3,44.3,7.1,54.3,Master's / PhD,Yes,Yes,Yes,Quiet / Dedicated,Medium,34.9,At-Risk (Fail),High Risk
STU-1314,10.7,92.7,93.3,7.4,68.8,Bachelor's Degree,Yes,Yes,No,Quiet / Dedicated,Low,71.8,Good (B),Low Risk
STU-1315,11.2,84.2,55.3,7.2,69.4,Bachelor's Degree,No,No,No,Noisy / Distracting,Medium,37.5,At-Risk (Fail),High Risk
STU-1316,2.0,69.0,71.7,7.6,52.9,Associate Degree,Yes,No,No,Moderate Noise,Low,38.0,At-Risk (Fail),High Risk
STU-1317,16.9,89.6,54.7,4.9,67.3,High School,Yes,Yes,No,Moderate Noise,High,40.2,At-Risk (Fail),High Risk
STU-1318,7.8,52.1,99.0,6.6,53.4,High School,Yes,No,No,Moderate Noise,High,39.9,At-Risk (Fail),High Risk
STU-1319,21.1,69.7,70.1,5.8,72.1,Associate Degree,Yes,No,Yes,Quiet / Dedicated,Medium,57.9,Average (C),Moderate Risk
STU-1320,20.2,83.0,59.4,7.9,66.8,Bachelor's Degree,Yes,No,Yes,Moderate Noise,Medium,59.0,Average (C),Moderate Risk
STU-1321,9.4,74.1,76.5,6.2,52.1,Bachelor's Degree,Yes,Yes,Yes,Quiet / Dedicated,Medium,59.3,Average (C),Moderate Risk
STU-1322,16.9,81.7,78.5,5.4,83.5,Bachelor's Degree,Yes,No,Yes,Moderate Noise,Medium,54.2,Average (C),Moderate Risk
STU-1323,15.8,67.1,73.5,5.1,62.2,Associate Degree,Yes,No,Yes,Quiet / Dedicated,Medium,46.1,At-Risk (Fail),High Risk
STU-1324,8.9,64.0,63.5,7.6,56.9,Master's / PhD,Yes,No,Yes,Quiet / Dedicated,Medium,49.1,At-Risk (Fail),High Risk
STU-1325,17.6,87.5,74.2,6.1,77.5,Bachelor's Degree,Yes,No,Yes,Quiet / Dedicated,High,58.3,Average (C),Moderate Risk
STU-1326,26.1,80.6,65.8,6.9,65.7,Bachelor's Degree,Yes,No,No,Noisy / Distracting,High,52.3,Average (C),Moderate Risk
STU-1327,21.5,88.1,67.6,8.8,72.7,Bachelor's Degree,No,No,Yes,Quiet / Dedicated,Medium,58.4,Average (C),Moderate Risk
STU-1328,5.1,87.7,57.0,7.5,55.4,Associate Degree,Yes,Yes,Yes,Quiet / Dedicated,Medium,46.7,At-Risk (Fail),High Risk
STU-1329,16.1,96.2,47.5,6.5,74.7,High School,Yes,No,Yes,Quiet / Dedicated,Low,47.0,At-Risk (Fail),High Risk
STU-1330,19.7,73.6,75.9,5.8,60.2,Associate Degree,No,No,No,Quiet / Dedicated,Low,42.4,At-Risk (Fail),High Risk
STU-1331,8.5,59.8,76.5,7.6,46.7,Bachelor's Degree,Yes,No,No,Moderate Noise,Medium,41.4,At-Risk (Fail),High Risk
STU-1332,21.1,79.3,86.2,7.0,69.2,High School,Yes,Yes,No,Moderate Noise,Low,58.8,Average (C),Moderate Risk
STU-1333,8.0,49.4,68.7,7.7,43.3,High School,Yes,Yes,Yes,Quiet / Dedicated,High,33.1,At-Risk (Fail),High Risk
STU-1334,10.7,87.1,65.0,4.5,62.6,High School,Yes,No,Yes,Quiet / Dedicated,Low,44.7,At-Risk (Fail),High Risk
STU-1335,8.2,89.0,48.3,8.4,78.7,High School,Yes,No,Yes,Moderate Noise,Medium,33.7,At-Risk (Fail),High Risk
STU-1336,7.4,63.7,67.4,5.2,54.4,Master's / PhD,Yes,No,Yes,Quiet / Dedicated,Medium,41.4,At-Risk (Fail),High Risk
STU-1337,15.2,91.7,73.0,6.6,54.6,Bachelor's Degree,Yes,No,Yes,Quiet / Dedicated,Medium,65.3,Good (B),Low Risk
STU-1338,5.3,49.4,42.5,8.6,45.7,Associate Degree,No,No,Yes,Quiet / Dedicated,Medium,15.0,At-Risk (Fail),High Risk
STU-1339,11.0,78.9,83.0,4.6,65.8,High School,Yes,No,Yes,Quiet / Dedicated,High,48.1,At-Risk (Fail),High Risk
STU-1340,15.2,82.7,58.0,7.0,69.2,Associate Degree,Yes,No,No,Quiet / Dedicated,Medium,50.6,Average (C),Moderate Risk
STU-1341,8.2,97.2,65.3,6.8,70.7,Associate Degree,Yes,No,No,Moderate Noise,Medium,56.7,Average (C),Moderate Risk
STU-1342,23.0,71.1,76.4,7.1,69.7,High School,Yes,No,Yes,Moderate Noise,Low,60.7,Average (C),Moderate Risk
STU-1343,11.5,57.2,67.9,7.5,56.3,Associate Degree,Yes,Yes,Yes,Moderate Noise,Medium,44.0,At-Risk (Fail),High Risk
STU-1344,28.3,92.8,87.6,7.1,77.3,Associate Degree,No,No,Yes,Quiet / Dedicated,High,61.1,Average (C),Moderate Risk
STU-1345,5.0,87.8,76.8,5.6,56.4,Bachelor's Degree,Yes,No,Yes,Quiet / Dedicated,Medium,45.5,At-Risk (Fail),High Risk
STU-1346,15.5,92.7,65.9,7.2,66.0,Bachelor's Degree,Yes,Yes,No,Quiet / Dedicated,High,61.7,Average (C),Moderate Risk
STU-1347,13.9,82.4,25.0,7.1,70.9,High School,Yes,Yes,Yes,Noisy / Distracting,Medium,38.2,At-Risk (Fail),High Risk
STU-1348,10.0,74.1,81.9,7.0,54.4,Associate Degree,No,Yes,No,Moderate Noise,Low,47.0,At-Risk (Fail),High Risk
STU-1349,12.7,58.2,51.5,9.4,64.2,Bachelor's Degree,Yes,Yes,Yes,Moderate Noise,Low,38.5,At-Risk (Fail),High Risk
STU-1350,16.7,77.5,79.9,8.6,68.6,Bachelor's Degree,Yes,Yes,No,Quiet / Dedicated,Medium,61.6,Average (C),Moderate Risk
STU-1351,18.4,66.6,74.9,9.1,54.0,Master's / PhD,Yes,No,Yes,Quiet / Dedicated,Medium,55.7,Average (C),Moderate Risk
STU-1352,11.7,91.8,65.2,7.5,71.2,Bachelor's Degree,Yes,No,No,Quiet / Dedicated,High,53.6,Average (C),Moderate Risk
STU-1353,15.6,97.4,81.3,9.1,87.6,High School,Yes,No,Yes,Moderate Noise,Medium,60.4,Average (C),Moderate Risk
STU-1354,7.7,93.0,75.3,6.2,59.1,High School,No,Yes,No,Noisy / Distracting,Medium,48.5,At-Risk (Fail),High Risk
STU-1355,18.6,84.7,72.6,6.7,60.9,Bachelor's Degree,Yes,Yes,Yes,Noisy / Distracting,Medium,57.7,Average (C),Moderate Risk
STU-1356,25.4,83.4,44.0,6.5,75.8,High School,Yes,No,Yes,Moderate Noise,Medium,48.6,At-Risk (Fail),High Risk
STU-1357,19.4,81.8,68.6,6.6,72.5,Bachelor's Degree,Yes,No,No,Quiet / Dedicated,Low,63.8,Average (C),Moderate Risk
STU-1358,8.2,75.9,50.6,7.1,52.3,Master's / PhD,Yes,No,No,Noisy / Distracting,Low,35.6,At-Risk (Fail),High Risk
STU-1359,7.0,60.5,52.7,7.3,54.9,Bachelor's Degree,Yes,No,No,Moderate Noise,Low,33.9,At-Risk (Fail),High Risk
STU-1360,37.4,67.6,62.9,7.6,61.7,Associate Degree,Yes,No,No,Quiet / Dedicated,Low,59.4,Average (C),Moderate Risk
STU-1361,24.5,88.9,88.5,9.0,68.8,Bachelor's Degree,Yes,Yes,No,Quiet / Dedicated,Low,77.3,Good (B),Low Risk
STU-1362,18.5,48.3,73.1,5.4,66.2,Associate Degree,Yes,No,Yes,Quiet / Dedicated,Low,46.3,At-Risk (Fail),High Risk
STU-1363,26.3,76.6,74.0,5.8,75.6,Bachelor's Degree,Yes,Yes,Yes,Quiet / Dedicated,Medium,63.3,Average (C),Moderate Risk
STU-1364,12.5,55.3,78.8,4.4,46.1,Master's / PhD,No,No,Yes,Quiet / Dedicated,Medium,35.9,At-Risk (Fail),High Risk
STU-1365,18.3,98.1,55.8,6.2,76.8,Associate Degree,No,No,No,Moderate Noise,High,35.7,At-Risk (Fail),High Risk
STU-1366,22.9,79.6,45.9,6.6,69.4,Master's / PhD,Yes,Yes,Yes,Quiet / Dedicated,Low,60.5,Average (C),Moderate Risk
STU-1367,10.7,93.9,43.4,6.3,59.0,Master's / PhD,Yes,Yes,Yes,Quiet / Dedicated,Medium,52.0,Average (C),Moderate Risk
STU-1368,16.1,88.2,71.2,5.8,64.8,High School,Yes,Yes,No,Quiet / Dedicated,Medium,53.8,Average (C),Moderate Risk
STU-1369,21.6,80.7,81.8,7.2,72.4,High School,Yes,No,No,Moderate Noise,Low,61.4,Average (C),Moderate Risk
STU-1370,6.7,76.0,80.8,6.7,55.7,High School,Yes,Yes,Yes,Moderate Noise,High,47.9,At-Risk (Fail),High Risk
STU-1371,10.1,69.8,56.4,6.1,43.0,High School,Yes,No,Yes,Quiet / Dedicated,Low,34.5,At-Risk (Fail),High Risk
STU-1372,21.4,75.2,87.0,7.3,59.4,High School,Yes,Yes,Yes,Noisy / Distracting,High,56.8,Average (C),Moderate Risk
STU-1373,14.1,87.9,96.6,6.5,62.1,Bachelor's Degree,Yes,No,Yes,Noisy / Distracting,High,63.4,Average (C),Moderate Risk
STU-1374,13.1,79.5,76.5,8.4,64.2,High School,Yes,No,Yes,Quiet / Dedicated,Medium,57.6,Average (C),Moderate Risk
STU-1375,12.3,97.0,88.8,6.9,69.8,Associate Degree,Yes,No,No,Quiet / Dedicated,Medium,68.9,Good (B),Low Risk
STU-1376,22.5,85.8,80.2,6.7,70.3,Bachelor's Degree,Yes,No,No,Moderate Noise,Medium,77.4,Good (B),Low Risk
STU-1377,7.2,47.6,64.8,7.4,39.1,High School,Yes,Yes,No,Moderate Noise,Medium,38.3,At-Risk (Fail),High Risk
STU-1378,9.7,46.4,58.7,4.9,52.6,Bachelor's Degree,Yes,Yes,Yes,Noisy / Distracting,Medium,31.6,At-Risk (Fail),High Risk
STU-1379,5.3,73.9,45.4,8.4,51.6,Associate Degree,Yes,No,No,Noisy / Distracting,Low,32.4,At-Risk (Fail),High Risk
STU-1380,10.5,61.4,61.8,8.0,49.5,High School,Yes,Yes,Yes,Moderate Noise,Low,42.3,At-Risk (Fail),High Risk
STU-1381,13.7,72.8,64.7,6.2,64.4,Bachelor's Degree,Yes,No,Yes,Moderate Noise,Medium,49.6,At-Risk (Fail),High Risk
STU-1382,3.6,79.1,65.0,5.9,53.3,Bachelor's Degree,Yes,Yes,No,Quiet / Dedicated,Medium,45.3,At-Risk (Fail),High Risk
STU-1383,7.8,78.5,66.4,6.0,63.5,Master's / PhD,Yes,Yes,Yes,Quiet / Dedicated,High,52.4,Average (C),Moderate Risk
STU-1384,14.1,51.5,35.9,5.5,45.9,Bachelor's Degree,Yes,Yes,Yes,Quiet / Dedicated,Low,29.4,At-Risk (Fail),High Risk
STU-1385,16.0,56.7,78.9,5.2,53.9,Bachelor's Degree,Yes,No,No,Moderate Noise,High,39.0,At-Risk (Fail),High Risk
STU-1386,29.3,76.2,80.5,5.5,76.2,Associate Degree,Yes,Yes,Yes,Moderate Noise,Low,70.3,Good (B),Low Risk
STU-1387,17.2,77.3,73.2,4.2,61.3,High School,Yes,No,No,Moderate Noise,Medium,35.3,At-Risk (Fail),High Risk
STU-1388,11.4,79.1,51.6,6.7,53.1,Bachelor's Degree,Yes,Yes,Yes,Quiet / Dedicated,Medium,43.6,At-Risk (Fail),High Risk
STU-1389,13.5,84.9,73.1,6.9,71.0,Bachelor's Degree,No,No,No,Moderate Noise,Medium,49.9,At-Risk (Fail),High Risk
STU-1390,13.8,64.7,68.3,8.5,58.4,Master's / PhD,Yes,Yes,Yes,Quiet / Dedicated,Low,57.9,Average (C),Moderate Risk
STU-1391,9.7,76.7,74.6,8.2,46.5,Associate Degree,Yes,No,Yes,Quiet / Dedicated,Medium,61.0,Average (C),Moderate Risk
STU-1392,14.4,62.6,89.7,6.3,51.9,Associate Degree,Yes,No,No,Moderate Noise,High,46.1,At-Risk (Fail),High Risk
STU-1393,9.5,88.5,65.5,6.8,58.4,Bachelor's Degree,Yes,Yes,Yes,Moderate Noise,Medium,56.6,Average (C),Moderate Risk
STU-1394,14.8,86.8,70.5,8.3,65.5,Associate Degree,Yes,No,Yes,Noisy / Distracting,Medium,53.8,Average (C),Moderate Risk
STU-1395,12.3,88.0,55.9,6.6,63.3,Master's / PhD,Yes,No,Yes,Quiet / Dedicated,High,52.8,Average (C),Moderate Risk
STU-1396,11.2,72.7,80.9,7.3,62.3,Master's / PhD,Yes,No,Yes,Quiet / Dedicated,Medium,61.5,Average (C),Moderate Risk
STU-1397,11.3,64.4,77.8,6.4,52.8,Associate Degree,Yes,No,Yes,Quiet / Dedicated,Medium,53.8,Average (C),Moderate Risk
STU-1398,18.7,62.3,71.0,7.1,45.1,Bachelor's Degree,Yes,Yes,Yes,Quiet / Dedicated,Low,58.1,Average (C),Moderate Risk
STU-1399,17.8,85.8,53.3,7.2,64.8,Bachelor's Degree,Yes,No,No,Noisy / Distracting,High,41.6,At-Risk (Fail),High Risk
STU-1400,10.8,76.3,58.4,6.7,61.9,High School,Yes,Yes,Yes,Moderate Noise,Medium,42.1,At-Risk (Fail),High Risk
STU-1401,18.4,61.8,42.4,8.3,55.2,Master's / PhD,Yes,Yes,Yes,Noisy / Distracting,Low,41.6,At-Risk (Fail),High Risk
STU-1402,12.1,51.8,58.3,6.1,59.9,Bachelor's Degree,Yes,No,Yes,Quiet / Dedicated,Low,41.6,At-Risk (Fail),High Risk
STU-1403,12.2,85.8,77.9,7.2,63.5,Bachelor's Degree,Yes,Yes,Yes,Noisy / Distracting,High,54.9,Average (C),Moderate Risk
STU-1404,9.7,85.4,73.5,9.1,66.3,Associate Degree,Yes,No,No,Quiet / Dedicated,Low,60.2,Average (C),Moderate Risk
STU-1405,27.7,78.0,70.2,7.4,76.9,Master's / PhD,Yes,No,Yes,Noisy / Distracting,High,64.7,Average (C),Moderate Risk
STU-1406,26.2,97.9,88.8,6.2,86.5,Associate Degree,No,No,No,Quiet / Dedicated,Low,66.8,Good (B),Low Risk
STU-1407,8.6,75.2,72.3,7.5,49.1,High School,Yes,No,Yes,Quiet / Dedicated,High,43.5,At-Risk (Fail),High Risk
STU-1408,10.5,73.9,59.9,9.8,52.4,Master's / PhD,Yes,Yes,No,Quiet / Dedicated,Medium,38.9,At-Risk (Fail),High Risk
STU-1409,15.4,90.8,58.2,7.1,86.0,High School,Yes,Yes,Yes,Noisy / Distracting,Medium,60.8,Average (C),Moderate Risk
STU-1410,16.9,79.6,64.8,8.0,64.9,Associate Degree,Yes,No,No,Quiet / Dedicated,High,41.8,At-Risk (Fail),High Risk
STU-1411,6.8,73.4,61.7,7.1,62.5,Master's / PhD,Yes,Yes,No,Quiet / Dedicated,Medium,50.9,Average (C),Moderate Risk
STU-1412,7.5,74.3,81.3,7.4,52.0,Master's / PhD,No,Yes,Yes,Noisy / Distracting,Medium,50.9,Average (C),Moderate Risk
STU-1413,2.0,59.9,73.9,7.0,35.4,Bachelor's Degree,Yes,Yes,Yes,Quiet / Dedicated,Low,48.6,At-Risk (Fail),High Risk
STU-1414,17.0,77.9,63.5,6.0,56.3,Bachelor's Degree,Yes,No,Yes,Quiet / Dedicated,Low,53.7,Average (C),Moderate Risk
STU-1415,5.0,78.7,64.1,7.5,39.0,Associate Degree,Yes,No,No,Quiet / Dedicated,Low,51.3,Average (C),Moderate Risk
STU-1416,8.6,83.5,77.8,5.8,63.0,Associate Degree,No,Yes,Yes,Quiet / Dedicated,Medium,54.3,Average (C),Moderate Risk
STU-1417,19.8,79.9,82.2,6.8,47.3,Associate Degree,Yes,No,Yes,Noisy / Distracting,Low,52.5,Average (C),Moderate Risk
STU-1418,19.4,94.7,42.2,9.2,68.6,Bachelor's Degree,Yes,Yes,No,Moderate Noise,Low,55.9,Average (C),Moderate Risk
STU-1419,26.9,69.2,65.6,7.0,75.3,Bachelor's Degree,Yes,Yes,Yes,Quiet / Dedicated,Medium,65.0,Good (B),Low Risk
STU-1420,31.6,76.0,69.3,6.1,89.2,Bachelor's Degree,Yes,No,No,Noisy / Distracting,Medium,67.0,Good (B),Low Risk
STU-1421,38.0,82.9,75.7,7.4,88.7,Bachelor's Degree,Yes,No,No,Quiet / Dedicated,Medium,75.4,Good (B),Low Risk
STU-1422,10.3,83.4,69.6,6.5,54.5,High School,Yes,No,No,Quiet / Dedicated,Low,45.7,At-Risk (Fail),High Risk
STU-1423,9.0,95.9,73.7,7.2,60.7,Associate Degree,Yes,Yes,No,Quiet / Dedicated,Low,57.0,Average (C),Moderate Risk
STU-1424,15.7,74.4,64.7,5.8,60.7,High School,Yes,No,Yes,Quiet / Dedicated,High,46.8,At-Risk (Fail),High Risk
STU-1425,5.4,86.4,56.7,8.0,80.5,Bachelor's Degree,Yes,No,Yes,Quiet / Dedicated,Low,52.7,Average (C),Moderate Risk
STU-1426,11.0,67.6,79.0,7.2,49.3,Associate Degree,Yes,No,Yes,Noisy / Distracting,High,41.6,At-Risk (Fail),High Risk
STU-1427,13.7,87.0,79.4,6.0,62.7,Master's / PhD,Yes,No,Yes,Moderate Noise,High,45.5,At-Risk (Fail),High Risk
STU-1428,16.4,83.3,77.1,7.5,57.3,Associate Degree,Yes,No,No,Quiet / Dedicated,High,60.5,Average (C),Moderate Risk
STU-1429,17.3,94.5,79.6,9.2,75.8,High School,Yes,No,No,Moderate Noise,Low,52.2,Average (C),Moderate Risk
STU-1430,10.9,84.0,54.4,6.2,63.0,High School,Yes,No,Yes,Moderate Noise,High,46.0,At-Risk (Fail),High Risk
STU-1431,5.9,78.5,60.9,7.9,45.2,Bachelor's Degree,Yes,No,Yes,Noisy / Distracting,High,30.6,At-Risk (Fail),High Risk
STU-1432,6.7,80.1,83.7,7.6,58.0,Bachelor's Degree,Yes,No,No,Noisy / Distracting,Medium,52.2,Average (C),Moderate Risk
STU-1433,3.3,82.3,73.0,7.5,57.5,High School,Yes,No,Yes,Quiet / Dedicated,Medium,48.1,At-Risk (Fail),High Risk
STU-1434,9.1,70.8,68.8,8.1,53.3,High School,Yes,No,Yes,Moderate Noise,Low,45.8,At-Risk (Fail),High Risk
STU-1435,5.3,71.0,64.5,6.8,51.8,Bachelor's Degree,Yes,No,Yes,Moderate Noise,Low,44.2,At-Risk (Fail),High Risk
STU-1436,9.5,83.7,85.8,7.3,47.1,High School,Yes,Yes,No,Moderate Noise,Medium,57.6,Average (C),Moderate Risk
STU-1437,15.6,82.3,43.2,7.2,63.1,Bachelor's Degree,Yes,No,No,Quiet / Dedicated,Medium,43.4,At-Risk (Fail),High Risk
STU-1438,6.0,89.2,72.1,6.2,71.5,Bachelor's Degree,Yes,No,No,Quiet / Dedicated,Medium,51.6,Average (C),Moderate Risk
STU-1439,13.3,52.0,67.1,7.6,53.6,High School,Yes,No,No,Moderate Noise,Medium,35.9,At-Risk (Fail),High Risk
STU-1440,10.8,75.0,50.5,6.7,61.0,High School,Yes,Yes,Yes,Quiet / Dedicated,Medium,43.0,At-Risk (Fail),High Risk
STU-1441,15.2,79.7,90.6,9.1,60.1,Master's / PhD,Yes,No,Yes,Quiet / Dedicated,Medium,57.0,Average (C),Moderate Risk
STU-1442,17.1,86.8,30.3,6.5,57.2,Associate Degree,Yes,Yes,No,Moderate Noise,High,37.3,At-Risk (Fail),High Risk
STU-1443,10.4,85.2,69.7,5.6,55.4,Associate Degree,Yes,No,Yes,Quiet / Dedicated,Low,49.0,At-Risk (Fail),High Risk
STU-1444,12.7,73.5,75.4,8.3,70.3,Bachelor's Degree,Yes,No,No,Moderate Noise,Medium,56.5,Average (C),Moderate Risk
STU-1445,10.8,85.5,54.3,6.3,66.5,Master's / PhD,Yes,No,No,Moderate Noise,Low,46.2,At-Risk (Fail),High Risk
STU-1446,9.7,81.9,71.9,5.8,64.5,Master's / PhD,Yes,No,No,Noisy / Distracting,Medium,49.7,At-Risk (Fail),High Risk
STU-1447,8.4,70.1,64.9,7.5,59.7,Bachelor's Degree,Yes,No,No,Quiet / Dedicated,Medium,48.2,At-Risk (Fail),High Risk
STU-1448,16.3,65.8,81.8,8.6,62.5,Associate Degree,Yes,No,No,Quiet / Dedicated,High,51.0,Average (C),Moderate Risk
STU-1449,24.5,87.0,99.0,7.9,76.5,High School,Yes,Yes,No,Moderate Noise,Low,81.3,Excellent (A),Low Risk
STU-1450,23.0,85.4,72.7,6.5,65.5,Bachelor's Degree,Yes,No,Yes,Moderate Noise,High,54.4,Average (C),Moderate Risk
STU-1451,5.7,80.1,76.5,7.2,50.1,Bachelor's Degree,Yes,No,Yes,Noisy / Distracting,Low,54.5,Average (C),Moderate Risk
STU-1452,24.2,93.3,54.3,6.8,82.3,Associate Degree,Yes,No,Yes,Quiet / Dedicated,Medium,59.3,Average (C),Moderate Risk
STU-1453,7.2,76.3,71.0,8.9,65.8,Master's / PhD,Yes,Yes,No,Quiet / Dedicated,Low,53.2,Average (C),Moderate Risk
STU-1454,13.7,87.5,62.8,6.6,59.2,High School,No,No,Yes,Noisy / Distracting,High,34.6,At-Risk (Fail),High Risk
STU-1455,15.0,56.5,78.9,7.2,62.7,Associate Degree,No,Yes,No,Quiet / Dedicated,Medium,47.4,At-Risk (Fail),High Risk
STU-1456,4.8,84.9,48.0,7.3,62.7,High School,Yes,No,Yes,Moderate Noise,Medium,42.1,At-Risk (Fail),High Risk
STU-1457,11.5,75.8,53.0,5.8,60.4,Associate Degree,Yes,No,No,Quiet / Dedicated,High,36.8,At-Risk (Fail),High Risk
STU-1458,25.0,76.2,84.5,6.9,70.1,High School,Yes,No,Yes,Quiet / Dedicated,Low,67.2,Good (B),Low Risk
STU-1459,2.5,57.9,70.9,6.9,34.3,High School,Yes,No,No,Quiet / Dedicated,Low,34.8,At-Risk (Fail),High Risk
STU-1460,38.0,71.4,86.5,8.6,72.8,High School,Yes,Yes,Yes,Quiet / Dedicated,High,70.2,Good (B),Low Risk
STU-1461,3.2,64.7,73.1,7.3,33.7,Bachelor's Degree,Yes,Yes,Yes,Moderate Noise,Medium,46.6,At-Risk (Fail),High Risk
STU-1462,14.8,85.3,75.1,6.7,63.4,Bachelor's Degree,Yes,No,Yes,Noisy / Distracting,Low,58.3,Average (C),Moderate Risk
STU-1463,4.9,78.3,63.7,6.9,40.6,Bachelor's Degree,Yes,No,No,Quiet / Dedicated,Medium,43.7,At-Risk (Fail),High Risk
STU-1464,16.1,87.4,65.3,7.0,72.0,Master's / PhD,Yes,Yes,Yes,Moderate Noise,Medium,58.4,Average (C),Moderate Risk
STU-1465,22.4,74.8,81.5,7.1,62.4,Associate Degree,Yes,No,Yes,Quiet / Dedicated,Low,65.0,Good (B),Low Risk
STU-1466,19.3,92.1,66.0,8.1,59.2,Associate Degree,Yes,No,No,Moderate Noise,Low,59.4,Average (C),Moderate Risk
STU-1467,5.0,67.0,84.6,8.2,61.7,Master's / PhD,Yes,No,No,Quiet / Dedicated,Low,54.5,Average (C),Moderate Risk
STU-1468,21.0,99.8,66.5,6.0,82.2,High School,Yes,No,No,Noisy / Distracting,Medium,55.0,Average (C),Moderate Risk
STU-1469,10.8,69.0,51.5,8.3,57.0,Master's / PhD,Yes,Yes,Yes,Moderate Noise,High,38.2,At-Risk (Fail),High Risk
STU-1470,5.1,92.1,50.2,7.9,60.6,High School,Yes,Yes,Yes,Moderate Noise,High,40.2,At-Risk (Fail),High Risk
STU-1471,24.9,93.7,65.6,7.0,81.1,Master's / PhD,Yes,No,No,Moderate Noise,Medium,69.4,Good (B),Low Risk
STU-1472,34.3,85.7,80.8,5.5,86.6,High School,Yes,No,Yes,Moderate Noise,Low,72.1,Good (B),Low Risk
STU-1473,13.3,59.2,58.7,7.3,54.7,Master's / PhD,Yes,No,No,Noisy / Distracting,High,36.5,At-Risk (Fail),High Risk
STU-1474,10.1,64.4,78.2,6.7,48.6,Bachelor's Degree,Yes,No,Yes,Moderate Noise,Medium,40.6,At-Risk (Fail),High Risk
STU-1475,7.9,94.0,69.4,7.7,70.8,Master's / PhD,No,No,Yes,Noisy / Distracting,Low,60.6,Average (C),Moderate Risk
STU-1476,18.7,73.9,76.5,7.8,62.6,High School,Yes,No,Yes,Quiet / Dedicated,High,54.0,Average (C),Moderate Risk
STU-1477,21.5,76.5,63.9,8.6,82.8,Bachelor's Degree,Yes,No,Yes,Quiet / Dedicated,Medium,56.9,Average (C),Moderate Risk
STU-1478,10.1,92.1,70.6,5.9,58.9,Master's / PhD,Yes,No,Yes,Moderate Noise,Medium,52.9,Average (C),Moderate Risk
STU-1479,27.8,46.2,81.1,9.5,69.3,Bachelor's Degree,Yes,No,Yes,Quiet / Dedicated,Medium,52.1,Average (C),Moderate Risk
STU-1480,17.8,84.0,67.8,8.1,84.2,Bachelor's Degree,Yes,Yes,No,Moderate Noise,Low,60.4,Average (C),Moderate Risk
STU-1481,13.2,89.8,60.7,7.9,58.5,Bachelor's Degree,Yes,No,Yes,Quiet / Dedicated,Low,58.1,Average (C),Moderate Risk
STU-1482,15.1,76.9,42.6,9.2,74.3,Associate Degree,Yes,Yes,No,Moderate Noise,Medium,39.7,At-Risk (Fail),High Risk
STU-1483,6.9,69.6,75.6,7.4,40.1,Bachelor's Degree,Yes,No,No,Quiet / Dedicated,Low,48.8,At-Risk (Fail),High Risk
STU-1484,18.5,73.1,57.2,8.2,62.8,Bachelor's Degree,Yes,No,No,Quiet / Dedicated,Medium,40.5,At-Risk (Fail),High Risk
STU-1485,7.1,70.1,60.7,7.3,47.5,Master's / PhD,Yes,No,Yes,Quiet / Dedicated,High,39.8,At-Risk (Fail),High Risk
STU-1486,9.4,89.4,53.0,8.0,76.1,High School,Yes,Yes,No,Noisy / Distracting,High,36.4,At-Risk (Fail),High Risk
STU-1487,12.2,78.8,64.8,8.4,64.6,Associate Degree,Yes,Yes,No,Quiet / Dedicated,Medium,50.5,Average (C),Moderate Risk
STU-1488,31.4,40.0,97.4,8.3,52.0,Master's / PhD,Yes,Yes,No,Quiet / Dedicated,High,65.7,Good (B),Low Risk
STU-1489,14.4,77.6,72.9,5.4,61.7,Master's / PhD,Yes,No,No,Moderate Noise,High,43.8,At-Risk (Fail),High Risk
STU-1490,7.6,70.0,59.0,6.6,57.3,Associate Degree,Yes,Yes,No,Moderate Noise,Medium,39.4,At-Risk (Fail),High Risk
STU-1491,15.1,89.5,61.6,8.4,78.8,Bachelor's Degree,Yes,No,No,Quiet / Dedicated,Low,58.2,Average (C),Moderate Risk
STU-1492,17.3,81.6,47.9,7.6,54.2,Associate Degree,Yes,No,Yes,Quiet / Dedicated,Low,46.3,At-Risk (Fail),High Risk
STU-1493,23.4,78.3,52.2,7.0,66.9,High School,Yes,No,No,Quiet / Dedicated,Medium,46.1,At-Risk (Fail),High Risk
STU-1494,12.5,78.4,49.9,7.7,55.5,Associate Degree,Yes,No,Yes,Noisy / Distracting,Low,33.8,At-Risk (Fail),High Risk
STU-1495,8.3,87.8,71.8,5.9,64.8,Associate Degree,Yes,Yes,No,Quiet / Dedicated,Low,55.6,Average (C),Moderate Risk
STU-1496,35.8,62.8,74.3,8.0,72.1,Bachelor's Degree,No,No,Yes,Quiet / Dedicated,Low,62.1,Average (C),Moderate Risk
STU-1497,15.1,83.4,69.1,7.5,50.2,High School,Yes,No,Yes,Quiet / Dedicated,Medium,47.0,At-Risk (Fail),High Risk
STU-1498,7.6,89.9,73.2,7.2,72.3,Master's / PhD,Yes,Yes,No,Quiet / Dedicated,High,62.8,Average (C),Moderate Risk
STU-1499,12.4,83.3,57.3,6.9,57.9,Master's / PhD,Yes,No,No,Moderate Noise,Low,51.0,Average (C),Moderate Risk
STU-1500,9.4,70.4,51.9,7.4,47.1,Bachelor's Degree,Yes,Yes,Yes,Quiet / Dedicated,Medium,38.9,At-Risk (Fail),High Risk
STU-1501,24.1,75.8,51.8,6.8,61.1,Bachelor's Degree,Yes,No,Yes,Quiet / Dedicated,Medium,50.3,Average (C),Moderate Risk
STU-1502,17.2,76.9,51.2,6.7,62.5,Associate Degree,No,No,No,Quiet / Dedicated,Low,47.1,At-Risk (Fail),High Risk
STU-1503,10.6,82.4,73.0,9.1,60.7,Bachelor's Degree,Yes,Yes,Yes,Quiet / Dedicated,High,51.4,Average (C),Moderate Risk
STU-1504,21.5,98.7,96.2,5.4,79.9,Bachelor's Degree,Yes,No,No,Quiet / Dedicated,Medium,70.5,Good (B),Low Risk
STU-1505,11.9,67.4,53.3,5.4,66.6,High School,Yes,No,Yes,Moderate Noise,Medium,36.6,At-Risk (Fail),High Risk
STU-1506,12.3,54.9,63.2,8.0,37.7,Master's / PhD,Yes,No,No,Moderate Noise,Medium,39.0,At-Risk (Fail),High Risk
STU-1507,8.1,74.2,70.8,5.8,52.9,Bachelor's Degree,Yes,No,No,Noisy / Distracting,Low,47.1,At-Risk (Fail),High Risk
STU-1508,8.1,76.1,64.1,4.9,66.1,Master's / PhD,Yes,No,Yes,Noisy / Distracting,Medium,35.9,At-Risk (Fail),High Risk
STU-1509,34.6,87.1,72.7,8.2,86.4,Bachelor's Degree,Yes,Yes,Yes,Moderate Noise,Low,77.0,Good (B),Low Risk
STU-1510,21.0,89.0,59.9,8.5,85.3,Bachelor's Degree,Yes,Yes,Yes,Quiet / Dedicated,High,60.9,Average (C),Moderate Risk
STU-1511,3.7,90.4,58.5,5.7,64.4,Associate Degree,Yes,Yes,No,Moderate Noise,Medium,45.6,At-Risk (Fail),High Risk
STU-1512,7.0,44.2,65.4,5.1,44.6,Master's / PhD,No,No,Yes,Moderate Noise,Medium,27.7,At-Risk (Fail),High Risk
STU-1513,6.2,65.9,72.6,5.8,48.4,Master's / PhD,Yes,No,No,Moderate Noise,Low,43.2,At-Risk (Fail),High Risk
STU-1514,13.1,62.7,86.0,6.3,62.8,High School,Yes,No,Yes,Quiet / Dedicated,Medium,49.5,At-Risk (Fail),High Risk
STU-1515,9.9,91.8,73.3,9.2,63.1,High School,Yes,No,Yes,Quiet / Dedicated,High,44.4,At-Risk (Fail),High Risk
STU-1516,26.6,65.7,64.5,6.6,66.3,Associate Degree,Yes,Yes,Yes,Moderate Noise,Medium,60.5,Average (C),Moderate Risk
STU-1517,10.5,92.0,79.6,8.0,63.2,Bachelor's Degree,No,No,Yes,Moderate Noise,Medium,60.1,Average (C),Moderate Risk
STU-1518,32.7,93.0,82.0,7.9,70.8,Master's / PhD,Yes,Yes,No,Noisy / Distracting,Medium,84.5,Excellent (A),Low Risk
STU-1519,12.1,59.1,63.8,8.6,52.0,High School,Yes,Yes,No,Quiet / Dedicated,High,41.5,At-Risk (Fail),High Risk
STU-1520,36.4,72.7,66.0,6.4,66.5,Bachelor's Degree,No,Yes,No,Quiet / Dedicated,Medium,63.9,Average (C),Moderate Risk
STU-1521,11.3,80.2,62.0,7.1,60.6,Associate Degree,Yes,No,Yes,Quiet / Dedicated,High,47.4,At-Risk (Fail),High Risk
STU-1522,11.4,90.8,79.5,6.9,72.2,Master's / PhD,No,Yes,No,Moderate Noise,High,57.9,Average (C),Moderate Risk
STU-1523,20.7,61.1,69.0,7.7,65.2,Bachelor's Degree,Yes,Yes,No,Quiet / Dedicated,Medium,59.2,Average (C),Moderate Risk
STU-1524,19.2,90.8,48.3,8.4,75.6,Bachelor's Degree,Yes,Yes,No,Quiet / Dedicated,Low,57.7,Average (C),Moderate Risk
STU-1525,5.5,71.8,73.7,9.5,53.9,Associate Degree,Yes,Yes,Yes,Noisy / Distracting,Medium,43.3,At-Risk (Fail),High Risk
STU-1526,13.3,83.0,88.9,6.7,47.1,Associate Degree,Yes,No,Yes,Quiet / Dedicated,High,61.8,Average (C),Moderate Risk
STU-1527,9.9,96.1,90.0,7.3,74.0,Associate Degree,No,No,Yes,Moderate Noise,Low,58.7,Average (C),Moderate Risk
STU-1528,9.5,82.1,61.3,8.1,61.2,High School,Yes,No,No,Quiet / Dedicated,Medium,49.2,At-Risk (Fail),High Risk
STU-1529,13.2,67.5,58.2,7.8,54.1,Master's / PhD,Yes,No,Yes,Moderate Noise,High,41.3,At-Risk (Fail),High Risk
STU-1530,10.7,80.1,94.6,9.0,46.1,Bachelor's Degree,Yes,Yes,Yes,Moderate Noise,Medium,66.8,Good (B),Low Risk
STU-1531,14.0,81.5,89.9,7.0,61.8,Master's / PhD,Yes,No,Yes,Noisy / Distracting,Medium,68.0,Good (B),Low Risk
STU-1532,6.8,77.0,74.5,6.7,44.7,Master's / PhD,Yes,Yes,No,Noisy / Distracting,Low,46.7,At-Risk (Fail),High Risk
STU-1533,4.7,87.4,44.0,8.6,54.1,Bachelor's Degree,No,Yes,No,Quiet / Dedicated,Low,37.2,At-Risk (Fail),High Risk
STU-1534,21.2,85.1,59.5,7.4,66.8,Bachelor's Degree,Yes,Yes,Yes,Quiet / Dedicated,High,51.8,Average (C),Moderate Risk
STU-1535,22.9,83.9,52.7,7.7,63.7,Master's / PhD,Yes,Yes,Yes,Quiet / Dedicated,Low,61.1,Average (C),Moderate Risk
STU-1536,20.5,62.6,93.4,7.0,55.0,Bachelor's Degree,Yes,Yes,No,Moderate Noise,Low,68.2,Good (B),Low Risk
STU-1537,12.9,95.0,46.6,8.1,83.9,High School,Yes,Yes,No,Noisy / Distracting,High,45.9,At-Risk (Fail),High Risk
STU-1538,10.3,80.6,93.3,6.1,59.0,Associate Degree,Yes,No,No,Quiet / Dedicated,Medium,59.4,Average (C),Moderate Risk
STU-1539,8.8,89.9,66.5,6.6,51.2,High School,Yes,Yes,No,Moderate Noise,High,47.0,At-Risk (Fail),High Risk
STU-1540,7.8,60.7,51.2,4.2,47.7,Master's / PhD,Yes,Yes,No,Quiet / Dedicated,High,22.5,At-Risk (Fail),High Risk
STU-1541,12.1,96.0,81.8,6.4,74.8,Bachelor's Degree,Yes,No,No,Moderate Noise,Low,63.9,Average (C),Moderate Risk
STU-1542,22.6,73.8,76.8,8.1,68.1,High School,Yes,Yes,Yes,Noisy / Distracting,Low,58.5,Average (C),Moderate Risk
STU-1543,8.3,93.2,50.3,7.2,70.0,Bachelor's Degree,Yes,Yes,No,Quiet / Dedicated,Medium,51.6,Average (C),Moderate Risk
STU-1544,22.6,82.4,67.6,6.1,67.8,Bachelor's Degree,Yes,No,No,Quiet / Dedicated,Medium,64.2,Average (C),Moderate Risk
STU-1545,4.9,64.9,87.3,8.7,46.8,Associate Degree,Yes,Yes,No,Quiet / Dedicated,Low,52.0,Average (C),Moderate Risk
STU-1546,14.4,90.3,62.3,7.3,62.4,High School,Yes,Yes,Yes,Moderate Noise,Medium,49.3,At-Risk (Fail),High Risk
STU-1547,16.1,56.3,91.5,9.0,61.5,Bachelor's Degree,Yes,No,Yes,Quiet / Dedicated,Low,58.9,Average (C),Moderate Risk
STU-1548,9.3,80.3,57.6,8.0,47.4,Bachelor's Degree,Yes,Yes,Yes,Quiet / Dedicated,High,48.0,At-Risk (Fail),High Risk
STU-1549,6.6,92.6,45.3,7.3,63.5,Bachelor's Degree,Yes,No,Yes,Quiet / Dedicated,Low,41.8,At-Risk (Fail),High Risk
STU-1550,19.7,58.4,68.6,9.1,44.0,Bachelor's Degree,Yes,No,Yes,Quiet / Dedicated,Low,53.1,Average (C),Moderate Risk
STU-1551,13.0,72.3,47.6,6.7,61.9,Master's / PhD,Yes,Yes,No,Moderate Noise,Low,43.1,At-Risk (Fail),High Risk
STU-1552,38.0,95.9,69.7,5.9,91.2,Bachelor's Degree,Yes,No,Yes,Moderate Noise,High,66.4,Good (B),Low Risk
STU-1553,22.8,75.4,68.1,8.9,65.6,Bachelor's Degree,No,No,Yes,Quiet / Dedicated,Medium,46.8,At-Risk (Fail),High Risk
STU-1554,22.9,87.6,57.4,7.8,72.2,Master's / PhD,Yes,Yes,Yes,Moderate Noise,High,61.1,Average (C),Moderate Risk
STU-1555,2.1,89.2,94.3,8.6,53.3,Associate Degree,Yes,No,No,Moderate Noise,Medium,61.9,Average (C),Moderate Risk
STU-1556,8.4,95.3,67.9,8.1,68.0,High School,Yes,Yes,Yes,Quiet / Dedicated,Medium,57.8,Average (C),Moderate Risk
STU-1557,6.1,81.0,80.1,8.9,62.3,High School,Yes,No,Yes,Quiet / Dedicated,Low,48.5,At-Risk (Fail),High Risk
STU-1558,3.2,81.9,81.0,6.5,55.9,Bachelor's Degree,Yes,Yes,No,Moderate Noise,Medium,54.8,Average (C),Moderate Risk
STU-1559,12.4,64.3,92.7,6.9,55.3,Bachelor's Degree,Yes,No,Yes,Noisy / Distracting,Medium,58.5,Average (C),Moderate Risk
STU-1560,19.4,92.1,51.1,6.9,80.4,Bachelor's Degree,Yes,Yes,No,Quiet / Dedicated,Medium,64.0,Average (C),Moderate Risk
STU-1561,7.0,91.3,43.4,6.9,60.4,High School,Yes,No,No,Quiet / Dedicated,Low,34.4,At-Risk (Fail),High Risk
STU-1562,3.3,76.5,92.1,5.4,46.6,High School,Yes,Yes,Yes,Quiet / Dedicated,High,52.4,Average (C),Moderate Risk
STU-1563,7.3,89.4,76.1,7.3,49.8,High School,Yes,No,Yes,Moderate Noise,Low,53.1,Average (C),Moderate Risk
STU-1564,11.6,94.0,69.8,8.0,62.3,Associate Degree,Yes,No,No,Quiet / Dedicated,High,59.8,Average (C),Moderate Risk
STU-1565,11.1,82.6,66.1,6.4,50.6,Bachelor's Degree,Yes,No,Yes,Quiet / Dedicated,Low,52.6,Average (C),Moderate Risk
STU-1566,12.7,84.4,63.7,6.1,73.8,Associate Degree,Yes,No,Yes,Moderate Noise,Medium,51.6,Average (C),Moderate Risk
STU-1567,15.9,76.7,80.1,7.0,54.4,Associate Degree,Yes,No,Yes,Moderate Noise,Medium,53.4,Average (C),Moderate Risk
STU-1568,12.6,83.5,47.8,8.0,59.5,Master's / PhD,Yes,No,No,Quiet / Dedicated,Medium,50.0,Average (C),Moderate Risk
STU-1569,20.0,49.5,74.7,5.9,47.1,Associate Degree,Yes,No,Yes,Quiet / Dedicated,Medium,41.9,At-Risk (Fail),High Risk
STU-1570,7.1,80.7,82.4,9.7,62.5,Bachelor's Degree,Yes,Yes,No,Moderate Noise,Medium,51.4,Average (C),Moderate Risk
STU-1571,10.8,48.2,78.4,5.7,43.2,Bachelor's Degree,Yes,No,No,Quiet / Dedicated,Medium,39.5,At-Risk (Fail),High Risk
STU-1572,17.3,77.2,67.0,6.5,59.5,Associate Degree,Yes,No,Yes,Quiet / Dedicated,Medium,53.1,Average (C),Moderate Risk
STU-1573,14.8,97.0,68.0,8.3,72.3,Bachelor's Degree,Yes,No,Yes,Noisy / Distracting,Medium,61.8,Average (C),Moderate Risk
STU-1574,30.7,75.9,86.0,8.2,85.1,Master's / PhD,Yes,No,No,Quiet / Dedicated,High,72.0,Good (B),Low Risk
STU-1575,7.2,87.5,76.1,8.1,48.0,Master's / PhD,Yes,Yes,Yes,Moderate Noise,Low,63.3,Average (C),Moderate Risk
STU-1576,17.5,74.7,92.6,6.3,61.9,High School,Yes,Yes,No,Noisy / Distracting,Medium,58.3,Average (C),Moderate Risk
STU-1577,8.7,88.2,43.6,6.6,61.1,Master's / PhD,Yes,No,Yes,Quiet / Dedicated,Medium,44.0,At-Risk (Fail),High Risk
STU-1578,8.1,87.6,80.7,6.2,66.7,Associate Degree,No,No,Yes,Quiet / Dedicated,Medium,60.4,Average (C),Moderate Risk
STU-1579,22.1,87.9,56.6,6.7,68.0,Associate Degree,Yes,No,Yes,Moderate Noise,Medium,55.6,Average (C),Moderate Risk
STU-1580,12.5,46.3,67.0,7.5,42.1,Associate Degree,Yes,No,Yes,Noisy / Distracting,Medium,34.8,At-Risk (Fail),High Risk
STU-1581,14.6,73.9,87.3,6.2,68.6,Master's / PhD,Yes,No,Yes,Noisy / Distracting,Low,60.3,Average (C),Moderate Risk
STU-1582,9.1,89.6,54.0,5.2,53.3,Associate Degree,Yes,Yes,No,Moderate Noise,Low,39.6,At-Risk (Fail),High Risk
STU-1583,9.4,61.0,97.6,8.4,52.4,Associate Degree,No,No,Yes,Quiet / Dedicated,Low,50.2,Average (C),Moderate Risk
STU-1584,4.6,75.4,83.5,6.9,47.9,Bachelor's Degree,Yes,No,Yes,Moderate Noise,Medium,58.8,Average (C),Moderate Risk
STU-1585,14.0,57.5,76.1,7.9,46.1,High School,Yes,Yes,Yes,Quiet / Dedicated,Medium,48.4,At-Risk (Fail),High Risk
STU-1586,6.6,89.3,55.0,6.8,62.6,High School,Yes,No,No,Quiet / Dedicated,High,33.0,At-Risk (Fail),High Risk
STU-1587,11.7,77.0,65.5,7.7,64.4,High School,Yes,No,Yes,Quiet / Dedicated,Medium,48.2,At-Risk (Fail),High Risk
STU-1588,20.0,40.0,63.0,9.7,52.6,High School,Yes,Yes,No,Quiet / Dedicated,Low,38.6,At-Risk (Fail),High Risk
STU-1589,3.8,90.6,50.7,5.8,48.7,High School,Yes,Yes,Yes,Moderate Noise,High,32.5,At-Risk (Fail),High Risk
STU-1590,38.0,94.7,83.3,6.2,89.9,High School,Yes,No,Yes,Quiet / Dedicated,High,75.0,Good (B),Low Risk
STU-1591,8.0,71.4,62.3,6.1,47.3,Bachelor's Degree,No,Yes,Yes,Quiet / Dedicated,Medium,40.4,At-Risk (Fail),High Risk
STU-1592,11.9,83.9,65.5,9.4,62.2,High School,Yes,No,No,Quiet / Dedicated,Medium,46.5,At-Risk (Fail),High Risk
STU-1593,14.6,72.2,66.2,7.1,57.3,Associate Degree,Yes,No,Yes,Noisy / Distracting,High,45.7,At-Risk (Fail),High Risk
STU-1594,7.9,71.1,65.0,8.1,61.8,Master's / PhD,Yes,No,Yes,Moderate Noise,Medium,45.6,At-Risk (Fail),High Risk
STU-1595,9.6,88.5,75.4,4.2,60.2,Associate Degree,Yes,No,Yes,Quiet / Dedicated,High,47.3,At-Risk (Fail),High Risk
STU-1596,22.4,69.3,59.3,7.5,72.5,Bachelor's Degree,Yes,Yes,No,Quiet / Dedicated,Low,62.8,Average (C),Moderate Risk
STU-1597,18.9,83.1,82.3,6.7,63.7,High School,Yes,No,Yes,Quiet / Dedicated,Low,64.1,Average (C),Moderate Risk
STU-1598,11.0,64.9,59.7,8.6,50.1,High School,Yes,Yes,Yes,Noisy / Distracting,Medium,32.5,At-Risk (Fail),High Risk
STU-1599,12.7,93.0,67.6,7.8,55.8,High School,Yes,No,Yes,Moderate Noise,Medium,53.0,Average (C),Moderate Risk
STU-1600,13.7,88.8,49.7,6.6,82.0,High School,No,Yes,Yes,Moderate Noise,High,44.3,At-Risk (Fail),High Risk
STU-1601,17.1,93.4,83.0,8.8,73.1,Associate Degree,Yes,No,No,Moderate Noise,High,63.1,Average (C),Moderate Risk
STU-1602,17.7,89.9,86.6,8.9,72.9,High School,Yes,Yes,No,Quiet / Dedicated,Medium,59.7,Average (C),Moderate Risk
STU-1603,17.5,78.4,78.0,8.8,80.2,High School,Yes,Yes,Yes,Moderate Noise,Low,61.3,Average (C),Moderate Risk
STU-1604,10.0,83.8,70.4,7.9,72.2,High School,Yes,Yes,Yes,Moderate Noise,High,48.7,At-Risk (Fail),High Risk
STU-1605,13.4,64.2,67.5,6.8,56.5,Associate Degree,Yes,Yes,Yes,Quiet / Dedicated,Medium,56.1,Average (C),Moderate Risk
STU-1606,21.2,86.1,46.1,7.4,59.4,High School,Yes,No,Yes,Quiet / Dedicated,Low,50.8,Average (C),Moderate Risk
STU-1607,35.8,81.2,49.0,6.6,86.4,Associate Degree,No,Yes,Yes,Moderate Noise,Medium,49.5,At-Risk (Fail),High Risk
STU-1608,13.2,69.1,78.5,7.3,53.4,Bachelor's Degree,Yes,No,No,Noisy / Distracting,Medium,51.5,Average (C),Moderate Risk
STU-1609,9.2,40.0,65.5,6.4,36.3,Bachelor's Degree,No,No,No,Quiet / Dedicated,High,18.6,At-Risk (Fail),High Risk
STU-1610,7.8,93.3,49.0,6.9,64.6,High School,Yes,No,No,Noisy / Distracting,Medium,39.2,At-Risk (Fail),High Risk
STU-1611,17.5,92.2,48.3,9.5,70.1,Bachelor's Degree,Yes,Yes,No,Moderate Noise,Medium,58.1,Average (C),Moderate Risk
STU-1612,4.5,95.1,76.9,7.4,57.0,Bachelor's Degree,Yes,Yes,No,Quiet / Dedicated,High,61.0,Average (C),Moderate Risk
STU-1613,17.6,68.5,80.2,6.6,71.2,High School,No,No,No,Quiet / Dedicated,Medium,52.4,Average (C),Moderate Risk
STU-1614,17.8,80.0,46.5,5.9,59.4,Master's / PhD,Yes,Yes,Yes,Quiet / Dedicated,Medium,46.5,At-Risk (Fail),High Risk
STU-1615,9.4,89.5,70.1,7.0,69.4,Master's / PhD,Yes,Yes,No,Moderate Noise,Medium,63.5,Average (C),Moderate Risk
STU-1616,14.5,91.2,73.4,7.9,66.2,High School,Yes,No,Yes,Quiet / Dedicated,Medium,61.5,Average (C),Moderate Risk
STU-1617,11.2,44.2,59.8,7.3,54.0,Associate Degree,Yes,No,Yes,Quiet / Dedicated,Low,36.6,At-Risk (Fail),High Risk
STU-1618,5.4,91.8,85.4,7.0,59.0,Bachelor's Degree,Yes,No,No,Quiet / Dedicated,Low,59.2,Average (C),Moderate Risk
STU-1619,17.0,82.0,63.2,7.6,57.3,Bachelor's Degree,No,Yes,Yes,Moderate Noise,Medium,49.2,At-Risk (Fail),High Risk
STU-1620,16.1,85.7,44.0,7.5,65.8,High School,Yes,No,Yes,Quiet / Dedicated,Medium,46.2,At-Risk (Fail),High Risk
STU-1621,9.8,64.6,65.3,7.9,38.1,High School,Yes,Yes,No,Quiet / Dedicated,Medium,40.8,At-Risk (Fail),High Risk
STU-1622,35.5,95.1,87.2,7.9,100.0,Associate Degree,No,Yes,Yes,Quiet / Dedicated,Low,88.3,Excellent (A),Low Risk
STU-1623,12.7,74.3,63.2,7.0,65.3,Associate Degree,Yes,No,Yes,Moderate Noise,Medium,50.9,Average (C),Moderate Risk
STU-1624,3.5,81.1,53.3,6.9,57.2,Bachelor's Degree,No,Yes,No,Moderate Noise,Medium,35.0,At-Risk (Fail),High Risk
STU-1625,21.8,75.1,76.8,7.1,64.4,Associate Degree,Yes,Yes,No,Quiet / Dedicated,Low,68.5,Good (B),Low Risk
STU-1626,19.1,78.6,71.6,7.7,55.2,Associate Degree,Yes,Yes,Yes,Moderate Noise,Low,65.6,Good (B),Low Risk
STU-1627,20.4,94.5,68.0,8.3,79.3,Bachelor's Degree,Yes,No,Yes,Moderate Noise,High,62.3,Average (C),Moderate Risk
STU-1628,6.9,81.2,74.7,6.7,65.0,High School,No,No,Yes,Moderate Noise,High,43.3,At-Risk (Fail),High Risk
STU-1629,14.2,82.1,58.3,6.9,50.2,Associate Degree,Yes,No,No,Moderate Noise,Low,48.7,At-Risk (Fail),High Risk
STU-1630,12.6,63.9,59.6,6.2,64.5,Bachelor's Degree,Yes,No,No,Quiet / Dedicated,High,39.6,At-Risk (Fail),High Risk
STU-1631,11.5,93.3,78.2,5.5,65.0,Master's / PhD,Yes,Yes,Yes,Quiet / Dedicated,Medium,63.8,Average (C),Moderate Risk
STU-1632,24.8,84.5,54.5,5.7,90.2,Bachelor's Degree,Yes,No,Yes,Moderate Noise,High,57.6,Average (C),Moderate Risk
STU-1633,12.8,69.8,90.6,6.0,50.4,Bachelor's Degree,Yes,Yes,Yes,Moderate Noise,Medium,61.6,Average (C),Moderate Risk
STU-1634,10.0,75.0,85.2,6.4,45.9,High School,Yes,Yes,No,Moderate Noise,Medium,51.8,Average (C),Moderate Risk
STU-1635,10.0,85.7,52.0,7.6,57.5,Associate Degree,No,No,Yes,Quiet / Dedicated,Low,41.7,At-Risk (Fail),High Risk
STU-1636,6.5,90.3,88.7,5.9,71.0,Bachelor's Degree,Yes,No,No,Noisy / Distracting,Medium,54.3,Average (C),Moderate Risk
STU-1637,13.5,90.4,70.1,7.1,69.7,High School,Yes,Yes,Yes,Moderate Noise,High,58.3,Average (C),Moderate Risk
STU-1638,25.8,66.4,87.4,8.0,70.3,Associate Degree,Yes,Yes,No,Quiet / Dedicated,Medium,67.7,Good (B),Low Risk
STU-1639,10.5,78.8,69.9,6.2,75.5,Associate Degree,Yes,Yes,No,Quiet / Dedicated,Medium,49.7,At-Risk (Fail),High Risk
STU-1640,14.7,87.1,65.5,6.6,63.8,High School,Yes,Yes,No,Moderate Noise,Low,56.4,Average (C),Moderate Risk
STU-1641,11.4,67.9,64.1,5.6,51.7,Associate Degree,Yes,No,Yes,Moderate Noise,Medium,39.3,At-Risk (Fail),High Risk
STU-1642,12.1,90.5,33.7,6.1,70.6,High School,Yes,No,No,Quiet / Dedicated,Medium,41.7,At-Risk (Fail),High Risk
STU-1643,19.6,94.5,81.0,8.6,60.2,Associate Degree,Yes,No,No,Noisy / Distracting,Medium,53.0,Average (C),Moderate Risk
STU-1644,6.5,71.6,58.1,7.7,48.1,High School,Yes,No,Yes,Quiet / Dedicated,High,35.4,At-Risk (Fail),High Risk
STU-1645,4.8,67.2,81.4,9.5,41.7,Master's / PhD,Yes,Yes,No,Quiet / Dedicated,Low,47.0,At-Risk (Fail),High Risk
STU-1646,21.8,81.2,91.4,6.3,72.2,Bachelor's Degree,Yes,No,No,Noisy / Distracting,Medium,68.9,Good (B),Low Risk
STU-1647,9.2,78.5,59.9,8.8,63.6,Bachelor's Degree,Yes,No,No,Noisy / Distracting,High,36.4,At-Risk (Fail),High Risk
STU-1648,10.1,71.6,59.1,6.3,54.3,Bachelor's Degree,Yes,No,No,Moderate Noise,Medium,38.4,At-Risk (Fail),High Risk
STU-1649,38.0,77.9,82.1,6.5,78.0,Associate Degree,Yes,No,Yes,Noisy / Distracting,Low,74.5,Good (B),Low Risk
STU-1650,19.1,76.1,61.5,10.0,67.5,High School,Yes,No,Yes,Quiet / Dedicated,Medium,48.0,At-Risk (Fail),High Risk
STU-1651,7.5,59.1,86.4,6.2,41.5,Bachelor's Degree,Yes,No,Yes,Noisy / Distracting,High,40.7,At-Risk (Fail),High Risk
STU-1652,22.6,82.9,58.3,8.8,82.3,Bachelor's Degree,Yes,No,No,Quiet / Dedicated,Low,58.1,Average (C),Moderate Risk
STU-1653,19.3,71.6,88.1,7.1,71.8,Bachelor's Degree,Yes,Yes,No,Quiet / Dedicated,High,70.6,Good (B),Low Risk
STU-1654,2.0,72.9,63.7,5.9,46.3,Associate Degree,Yes,Yes,No,Quiet / Dedicated,High,40.2,At-Risk (Fail),High Risk
STU-1655,13.8,60.6,72.6,5.5,61.1,High School,Yes,Yes,Yes,Quiet / Dedicated,Low,50.7,Average (C),Moderate Risk
STU-1656,6.7,61.8,81.8,7.2,53.0,Associate Degree,Yes,Yes,Yes,Quiet / Dedicated,Medium,50.6,Average (C),Moderate Risk
STU-1657,12.0,78.1,75.2,5.9,55.9,Associate Degree,Yes,No,No,Quiet / Dedicated,Medium,47.6,At-Risk (Fail),High Risk
STU-1658,35.8,94.5,83.0,6.8,92.8,Bachelor's Degree,Yes,No,Yes,Quiet / Dedicated,Medium,91.1,Excellent (A),Low Risk
STU-1659,20.0,40.0,47.6,5.0,34.7,Bachelor's Degree,Yes,No,Yes,Quiet / Dedicated,High,27.1,At-Risk (Fail),High Risk
STU-1660,21.5,78.5,62.3,7.5,69.3,Associate Degree,Yes,No,No,Moderate Noise,High,48.0,At-Risk (Fail),High Risk
STU-1661,11.4,78.7,68.9,5.4,46.8,Master's / PhD,Yes,No,Yes,Quiet / Dedicated,Low,48.0,At-Risk (Fail),High Risk
STU-1662,21.5,80.3,57.3,7.0,61.2,Bachelor's Degree,Yes,Yes,Yes,Quiet / Dedicated,Medium,59.2,Average (C),Moderate Risk
STU-1663,8.2,70.7,81.6,5.6,44.1,High School,Yes,Yes,Yes,Moderate Noise,Medium,45.3,At-Risk (Fail),High Risk
STU-1664,13.7,75.2,60.8,8.4,52.5,High School,Yes,No,Yes,Noisy / Distracting,Medium,39.5,At-Risk (Fail),High Risk
STU-1665,19.6,85.6,57.3,4.8,79.2,High School,No,No,No,Moderate Noise,Medium,42.9,At-Risk (Fail),High Risk
STU-1666,19.2,88.8,81.2,6.8,76.9,High School,Yes,No,Yes,Quiet / Dedicated,Low,69.6,Good (B),Low Risk
STU-1667,5.0,72.9,53.4,7.7,48.4,High School,Yes,Yes,Yes,Moderate Noise,Medium,45.0,At-Risk (Fail),High Risk
STU-1668,31.7,88.5,54.0,7.5,80.6,High School,Yes,Yes,Yes,Quiet / Dedicated,Medium,71.8,Good (B),Low Risk
STU-1669,7.3,85.5,75.1,5.7,51.6,Associate Degree,Yes,No,No,Quiet / Dedicated,Low,49.5,At-Risk (Fail),High Risk
STU-1670,38.0,83.0,86.8,5.2,79.3,High School,Yes,Yes,Yes,Quiet / Dedicated,High,71.9,Good (B),Low Risk
STU-1671,19.9,70.9,70.3,8.0,65.4,Master's / PhD,Yes,Yes,No,Moderate Noise,High,57.5,Average (C),Moderate Risk
STU-1672,19.0,64.3,45.4,7.0,58.3,High School,Yes,No,Yes,Quiet / Dedicated,Medium,48.3,At-Risk (Fail),High Risk
STU-1673,7.7,90.5,77.6,5.9,63.0,Bachelor's Degree,Yes,Yes,Yes,Quiet / Dedicated,Medium,56.8,Average (C),Moderate Risk
STU-1674,9.5,65.2,59.7,8.0,60.9,Associate Degree,Yes,No,Yes,Quiet / Dedicated,Medium,43.9,At-Risk (Fail),High Risk
STU-1675,30.4,84.4,83.7,6.5,87.9,Master's / PhD,Yes,Yes,No,Noisy / Distracting,Medium,74.4,Good (B),Low Risk
STU-1676,28.3,91.9,62.7,6.4,95.7,High School,Yes,Yes,No,Moderate Noise,Low,66.3,Good (B),Low Risk
STU-1677,11.6,75.0,84.0,6.1,46.8,Associate Degree,Yes,Yes,Yes,Quiet / Dedicated,Medium,55.4,Average (C),Moderate Risk
STU-1678,11.0,92.3,62.2,6.3,55.5,Master's / PhD,Yes,No,Yes,Moderate Noise,Low,57.6,Average (C),Moderate Risk
STU-1679,11.2,71.0,58.4,6.2,55.3,Master's / PhD,Yes,No,No,Moderate Noise,Low,44.3,At-Risk (Fail),High Risk
STU-1680,22.7,85.5,41.2,7.5,64.0,Bachelor's Degree,Yes,No,Yes,Moderate Noise,Low,41.6,At-Risk (Fail),High Risk
STU-1681,21.5,68.0,58.8,8.8,66.5,Associate Degree,Yes,Yes,No,Quiet / Dedicated,Low,53.1,Average (C),Moderate Risk
STU-1682,15.6,85.7,70.5,5.6,71.1,High School,Yes,No,Yes,Noisy / Distracting,Low,45.4,At-Risk (Fail),High Risk
STU-1683,13.8,64.7,69.4,6.7,60.8,Bachelor's Degree,Yes,Yes,No,Quiet / Dedicated,High,47.4,At-Risk (Fail),High Risk
STU-1684,11.5,82.5,76.6,6.9,66.5,Master's / PhD,Yes,No,No,Moderate Noise,Medium,61.8,Average (C),Moderate Risk
STU-1685,38.0,71.6,85.4,7.6,82.0,Bachelor's Degree,No,No,No,Quiet / Dedicated,Low,68.2,Good (B),Low Risk
STU-1686,5.4,83.7,68.4,8.2,63.2,Bachelor's Degree,Yes,No,No,Quiet / Dedicated,Low,46.3,At-Risk (Fail),High Risk
STU-1687,10.2,66.8,68.9,6.9,42.0,Associate Degree,Yes,No,Yes,Quiet / Dedicated,High,35.3,At-Risk (Fail),High Risk
STU-1688,15.1,88.1,83.6,6.4,67.6,Bachelor's Degree,Yes,Yes,No,Moderate Noise,Medium,63.8,Average (C),Moderate Risk
STU-1689,4.7,69.8,71.2,7.7,51.7,High School,Yes,Yes,Yes,Quiet / Dedicated,Medium,39.7,At-Risk (Fail),High Risk
STU-1690,9.1,76.5,55.1,5.3,57.4,Associate Degree,Yes,No,Yes,Moderate Noise,High,26.5,At-Risk (Fail),High Risk
STU-1691,35.6,72.9,60.7,4.7,82.3,Associate Degree,No,No,No,Quiet / Dedicated,Medium,45.4,At-Risk (Fail),High Risk
STU-1692,20.8,86.8,38.2,9.9,67.6,Bachelor's Degree,Yes,No,No,Moderate Noise,Medium,40.3,At-Risk (Fail),High Risk
STU-1693,9.1,77.6,54.9,6.2,58.2,High School,Yes,Yes,No,Moderate Noise,Low,37.7,At-Risk (Fail),High Risk
STU-1694,8.9,89.9,44.3,6.6,68.9,High School,Yes,Yes,Yes,Moderate Noise,Medium,43.0,At-Risk (Fail),High Risk
STU-1695,5.4,82.0,72.9,7.7,56.2,Bachelor's Degree,Yes,Yes,No,Moderate Noise,Medium,52.5,Average (C),Moderate Risk
STU-1696,9.8,87.2,85.0,7.5,56.7,Associate Degree,Yes,No,No,Moderate Noise,Medium,60.1,Average (C),Moderate Risk
STU-1697,17.2,64.9,54.8,8.1,54.0,Bachelor's Degree,Yes,No,Yes,Quiet / Dedicated,Medium,41.4,At-Risk (Fail),High Risk
STU-1698,15.6,88.7,55.3,8.1,65.8,High School,Yes,No,Yes,Moderate Noise,Medium,55.8,Average (C),Moderate Risk
STU-1699,10.1,74.4,81.2,5.5,51.4,Associate Degree,Yes,Yes,Yes,Quiet / Dedicated,Low,48.5,At-Risk (Fail),High Risk
STU-1700,7.2,65.9,61.7,8.5,45.7,Bachelor's Degree,No,No,Yes,Moderate Noise,Low,33.6,At-Risk (Fail),High Risk
STU-1701,11.4,53.1,71.6,7.7,40.9,High School,Yes,No,No,Moderate Noise,Medium,40.0,At-Risk (Fail),High Risk
STU-1702,11.3,80.5,78.4,7.5,49.5,Associate Degree,Yes,Yes,No,Quiet / Dedicated,High,55.1,Average (C),Moderate Risk
STU-1703,19.3,88.6,58.1,7.6,66.6,High School,Yes,No,No,Quiet / Dedicated,Medium,57.1,Average (C),Moderate Risk
STU-1704,14.4,74.6,58.4,4.6,68.6,High School,Yes,No,No,Quiet / Dedicated,Medium,34.2,At-Risk (Fail),High Risk
STU-1705,13.3,90.5,60.9,6.9,51.2,Master's / PhD,No,No,Yes,Moderate Noise,Low,45.6,At-Risk (Fail),High Risk
STU-1706,23.7,81.9,46.3,6.0,80.3,Associate Degree,Yes,No,No,Noisy / Distracting,Low,40.9,At-Risk (Fail),High Risk
STU-1707,28.2,49.0,74.8,5.9,43.5,Bachelor's Degree,Yes,Yes,Yes,Moderate Noise,Low,60.8,Average (C),Moderate Risk
STU-1708,15.5,77.7,76.4,6.6,65.5,Associate Degree,Yes,Yes,No,Moderate Noise,Medium,56.7,Average (C),Moderate Risk
STU-1709,15.7,48.3,69.1,8.0,40.3,Bachelor's Degree,No,No,Yes,Noisy / Distracting,Low,36.3,At-Risk (Fail),High Risk
STU-1710,11.9,68.7,87.0,7.4,48.4,Bachelor's Degree,Yes,Yes,No,Quiet / Dedicated,Low,68.6,Good (B),Low Risk
STU-1711,7.6,98.7,64.3,7.6,74.6,Bachelor's Degree,Yes,No,Yes,Quiet / Dedicated,High,51.4,Average (C),Moderate Risk
STU-1712,20.2,89.6,76.6,6.6,69.4,Associate Degree,Yes,No,Yes,Moderate Noise,Low,65.1,Good (B),Low Risk
STU-1713,18.1,59.3,74.8,7.5,46.2,Associate Degree,No,No,No,Moderate Noise,Medium,40.3,At-Risk (Fail),High Risk
STU-1714,12.4,88.7,56.8,6.9,63.6,Associate Degree,Yes,No,Yes,Noisy / Distracting,Medium,40.9,At-Risk (Fail),High Risk
STU-1715,14.4,64.4,84.2,8.1,46.0,Master's / PhD,Yes,Yes,No,Quiet / Dedicated,Medium,67.0,Good (B),Low Risk
STU-1716,22.9,92.1,69.8,7.9,87.8,Bachelor's Degree,Yes,Yes,Yes,Quiet / Dedicated,Medium,80.4,Excellent (A),Low Risk
STU-1717,24.9,87.7,81.6,7.3,78.6,Master's / PhD,Yes,Yes,No,Quiet / Dedicated,Medium,82.2,Excellent (A),Low Risk
STU-1718,2.2,79.1,49.8,6.2,30.7,High School,Yes,No,Yes,Quiet / Dedicated,Medium,33.6,At-Risk (Fail),High Risk
STU-1719,8.7,94.7,69.5,7.4,53.5,Bachelor's Degree,Yes,Yes,Yes,Quiet / Dedicated,Medium,62.4,Average (C),Moderate Risk
STU-1720,12.4,78.2,61.6,7.4,56.7,Master's / PhD,Yes,Yes,Yes,Moderate Noise,High,46.8,At-Risk (Fail),High Risk
STU-1721,6.5,75.6,56.1,7.2,54.5,High School,Yes,No,Yes,Quiet / Dedicated,Low,41.7,At-Risk (Fail),High Risk
STU-1722,14.6,80.5,87.7,6.6,79.7,High School,Yes,No,Yes,Moderate Noise,Low,60.5,Average (C),Moderate Risk
STU-1723,9.0,86.7,70.7,6.4,66.2,Bachelor's Degree,Yes,Yes,Yes,Quiet / Dedicated,High,44.1,At-Risk (Fail),High Risk
STU-1724,14.9,86.1,47.3,7.5,72.9,Bachelor's Degree,Yes,Yes,Yes,Moderate Noise,Medium,55.4,Average (C),Moderate Risk
STU-1725,9.1,72.0,61.0,6.2,47.4,Bachelor's Degree,Yes,No,Yes,Quiet / Dedicated,Medium,44.8,At-Risk (Fail),High Risk
STU-1726,9.4,63.7,81.1,6.8,50.1,High School,Yes,Yes,No,Quiet / Dedicated,Medium,45.3,At-Risk (Fail),High Risk
STU-1727,14.8,95.8,56.1,7.7,69.4,Bachelor's Degree,Yes,Yes,No,Quiet / Dedicated,Low,59.1,Average (C),Moderate Risk
STU-1728,20.6,90.3,54.6,7.6,69.4,High School,Yes,Yes,Yes,Noisy / Distracting,Medium,57.8,Average (C),Moderate Risk
STU-1729,17.6,82.6,65.9,5.8,68.2,High School,Yes,No,No,Moderate Noise,Medium,48.8,At-Risk (Fail),High Risk
STU-1730,12.4,63.4,74.6,7.4,56.2,High School,Yes,Yes,No,Quiet / Dedicated,Low,45.5,At-Risk (Fail),High Risk
STU-1731,3.8,80.7,57.8,9.3,51.3,Bachelor's Degree,Yes,No,Yes,Quiet / Dedicated,Medium,34.2,At-Risk (Fail),High Risk
STU-1732,9.2,76.6,73.5,7.8,50.1,Bachelor's Degree,No,No,No,Noisy / Distracting,High,46.2,At-Risk (Fail),High Risk
STU-1733,8.7,81.6,68.5,6.8,58.9,Bachelor's Degree,Yes,No,Yes,Quiet / Dedicated,Medium,52.0,Average (C),Moderate Risk
STU-1734,18.7,80.5,70.2,8.5,60.7,Associate Degree,Yes,Yes,Yes,Quiet / Dedicated,Low,65.7,Good (B),Low Risk
STU-1735,13.8,82.5,34.3,9.5,61.1,Master's / PhD,Yes,No,Yes,Moderate Noise,Medium,42.5,At-Risk (Fail),High Risk
STU-1736,14.1,79.7,68.2,8.0,59.4,Associate Degree,No,No,No,Noisy / Distracting,Medium,42.2,At-Risk (Fail),High Risk
STU-1737,7.8,79.5,64.5,5.2,42.3,Bachelor's Degree,Yes,No,No,Quiet / Dedicated,High,37.8,At-Risk (Fail),High Risk
STU-1738,25.5,78.8,73.5,7.8,56.2,Associate Degree,Yes,No,Yes,Quiet / Dedicated,Medium,56.3,Average (C),Moderate Risk
STU-1739,14.1,82.6,58.8,8.6,86.7,Associate Degree,Yes,No,Yes,Noisy / Distracting,Low,46.8,At-Risk (Fail),High Risk
STU-1740,7.5,72.8,62.8,4.8,49.3,Associate Degree,Yes,No,No,Quiet / Dedicated,Medium,36.1,At-Risk (Fail),High Risk
STU-1741,7.9,93.8,75.5,8.1,65.5,Associate Degree,Yes,No,Yes,Quiet / Dedicated,Medium,56.9,Average (C),Moderate Risk
STU-1742,15.2,86.8,88.2,6.9,56.9,Bachelor's Degree,Yes,No,Yes,Moderate Noise,Low,68.4,Good (B),Low Risk
STU-1743,7.4,79.2,49.5,8.5,56.6,Bachelor's Degree,No,Yes,No,Noisy / Distracting,Medium,37.5,At-Risk (Fail),High Risk
STU-1744,8.7,89.1,75.2,7.0,59.6,High School,Yes,Yes,No,Quiet / Dedicated,Medium,58.4,Average (C),Moderate Risk
STU-1745,6.3,86.3,85.1,7.5,68.7,Master's / PhD,Yes,Yes,No,Noisy / Distracting,Medium,61.6,Average (C),Moderate Risk
STU-1746,18.6,75.0,77.7,7.5,63.2,Associate Degree,Yes,No,No,Moderate Noise,Low,59.8,Average (C),Moderate Risk
STU-1747,7.5,76.7,84.1,7.9,50.3,Bachelor's Degree,Yes,No,No,Quiet / Dedicated,Medium,53.0,Average (C),Moderate Risk
STU-1748,27.7,78.2,60.4,7.6,78.0,Master's / PhD,Yes,No,Yes,Noisy / Distracting,High,53.2,Average (C),Moderate Risk
STU-1749,16.2,92.6,85.3,6.1,62.2,Bachelor's Degree,Yes,No,Yes,Quiet / Dedicated,High,67.8,Good (B),Low Risk
STU-1750,6.3,79.4,57.9,6.8,59.1,High School,Yes,No,Yes,Quiet / Dedicated,High,40.6,At-Risk (Fail),High Risk
STU-1751,17.5,86.2,68.8,7.1,59.4,Master's / PhD,No,No,No,Moderate Noise,High,47.9,At-Risk (Fail),High Risk
STU-1752,25.5,77.9,61.0,8.5,74.5,Bachelor's Degree,Yes,Yes,No,Quiet / Dedicated,Low,63.5,Average (C),Moderate Risk
STU-1753,12.1,74.7,61.5,7.6,69.1,Associate Degree,Yes,No,Yes,Quiet / Dedicated,Medium,43.8,At-Risk (Fail),High Risk
STU-1754,27.1,74.2,43.9,6.4,72.7,High School,Yes,Yes,No,Quiet / Dedicated,Medium,48.0,At-Risk (Fail),High Risk
STU-1755,16.4,67.6,40.4,6.1,54.3,Bachelor's Degree,Yes,Yes,Yes,Quiet / Dedicated,High,39.0,At-Risk (Fail),High Risk
STU-1756,9.0,81.0,84.5,7.8,53.4,Bachelor's Degree,Yes,Yes,Yes,Moderate Noise,Low,62.9,Average (C),Moderate Risk
STU-1757,35.9,83.7,42.8,6.6,90.1,Bachelor's Degree,Yes,Yes,Yes,Moderate Noise,High,59.4,Average (C),Moderate Risk
STU-1758,5.3,72.4,71.5,7.9,53.8,Master's / PhD,Yes,No,Yes,Noisy / Distracting,Medium,41.5,At-Risk (Fail),High Risk
STU-1759,10.5,90.2,49.8,7.0,49.0,Bachelor's Degree,Yes,No,No,Quiet / Dedicated,High,37.5,At-Risk (Fail),High Risk
STU-1760,12.4,72.1,56.1,8.7,53.9,High School,Yes,Yes,Yes,Quiet / Dedicated,Low,48.5,At-Risk (Fail),High Risk
STU-1761,32.7,89.0,77.6,6.3,80.8,Associate Degree,Yes,No,No,Quiet / Dedicated,Low,81.6,Excellent (A),Low Risk
STU-1762,18.9,72.8,70.3,8.7,60.1,High School,No,No,No,Quiet / Dedicated,Medium,49.0,At-Risk (Fail),High Risk
STU-1763,17.2,73.4,66.2,8.2,69.9,Bachelor's Degree,Yes,Yes,Yes,Quiet / Dedicated,Low,59.2,Average (C),Moderate Risk
STU-1764,8.2,92.8,84.0,6.6,63.7,High School,Yes,No,No,Moderate Noise,High,56.9,Average (C),Moderate Risk
STU-1765,11.9,71.6,63.9,6.1,54.3,Bachelor's Degree,Yes,Yes,Yes,Noisy / Distracting,Low,43.1,At-Risk (Fail),High Risk
STU-1766,9.1,74.0,85.2,9.2,57.6,Bachelor's Degree,Yes,No,Yes,Noisy / Distracting,Medium,53.3,Average (C),Moderate Risk
STU-1767,16.9,69.5,53.0,6.1,41.5,Master's / PhD,Yes,No,Yes,Quiet / Dedicated,Medium,41.5,At-Risk (Fail),High Risk
STU-1768,23.4,67.6,51.3,7.4,76.6,Associate Degree,Yes,Yes,No,Noisy / Distracting,Medium,46.1,At-Risk (Fail),High Risk
STU-1769,38.0,78.5,66.1,7.5,86.3,Bachelor's Degree,Yes,Yes,Yes,Quiet / Dedicated,Medium,73.1,Good (B),Low Risk
STU-1770,9.7,59.7,68.0,7.1,60.2,High School,Yes,No,Yes,Quiet / Dedicated,Medium,42.2,At-Risk (Fail),High Risk
STU-1771,5.2,74.2,56.0,8.0,48.8,Bachelor's Degree,Yes,No,Yes,Noisy / Distracting,Low,40.8,At-Risk (Fail),High Risk
STU-1772,10.6,82.8,64.1,6.1,52.5,High School,Yes,Yes,Yes,Moderate Noise,Low,42.8,At-Risk (Fail),High Risk
STU-1773,21.7,77.1,87.1,9.2,55.7,Associate Degree,Yes,No,No,Quiet / Dedicated,Medium,58.5,Average (C),Moderate Risk
STU-1774,7.6,75.6,62.5,6.2,50.4,Bachelor's Degree,No,No,Yes,Quiet / Dedicated,Medium,40.5,At-Risk (Fail),High Risk
STU-1775,12.7,83.4,40.9,6.9,64.3,High School,Yes,No,Yes,Quiet / Dedicated,Medium,41.7,At-Risk (Fail),High Risk
STU-1776,17.3,94.6,43.6,5.5,66.1,High School,Yes,No,Yes,Moderate Noise,Medium,34.9,At-Risk (Fail),High Risk
STU-1777,9.8,89.4,97.2,8.3,53.5,Bachelor's Degree,Yes,No,Yes,Quiet / Dedicated,Medium,64.4,Average (C),Moderate Risk
STU-1778,14.4,61.7,88.3,9.2,62.6,Bachelor's Degree,Yes,No,No,Noisy / Distracting,Medium,43.3,At-Risk (Fail),High Risk
STU-1779,7.1,86.8,61.9,9.3,60.5,Bachelor's Degree,Yes,No,Yes,Quiet / Dedicated,Low,44.2,At-Risk (Fail),High Risk
STU-1780,24.2,64.0,79.3,8.3,57.5,Bachelor's Degree,Yes,No,No,Quiet / Dedicated,Medium,58.4,Average (C),Moderate Risk
STU-1781,11.1,90.0,71.6,6.7,63.9,Bachelor's Degree,Yes,Yes,Yes,Quiet / Dedicated,High,59.4,Average (C),Moderate Risk
STU-1782,14.2,96.0,85.8,7.1,66.1,Associate Degree,Yes,Yes,Yes,Quiet / Dedicated,High,59.3,Average (C),Moderate Risk
STU-1783,3.9,83.7,53.0,6.7,51.7,Associate Degree,Yes,No,No,Quiet / Dedicated,Medium,40.7,At-Risk (Fail),High Risk
STU-1784,6.5,80.2,53.4,5.8,47.8,High School,Yes,No,Yes,Moderate Noise,Medium,31.6,At-Risk (Fail),High Risk
STU-1785,21.3,78.1,86.5,6.8,64.3,Master's / PhD,Yes,Yes,No,Noisy / Distracting,High,62.9,Average (C),Moderate Risk
STU-1786,9.8,85.5,47.1,8.1,64.2,Bachelor's Degree,No,No,No,Noisy / Distracting,Medium,38.5,At-Risk (Fail),High Risk
STU-1787,7.4,96.1,69.0,6.1,54.6,Associate Degree,Yes,No,Yes,Moderate Noise,Low,55.8,Average (C),Moderate Risk
STU-1788,4.9,77.6,67.4,4.6,61.9,Associate Degree,Yes,Yes,Yes,Noisy / Distracting,Low,33.6,At-Risk (Fail),High Risk
STU-1789,24.0,60.7,79.0,5.7,61.3,Master's / PhD,Yes,No,No,Moderate Noise,Medium,51.8,Average (C),Moderate Risk
STU-1790,18.4,78.0,70.0,8.0,64.8,High School,Yes,Yes,Yes,Moderate Noise,High,52.0,Average (C),Moderate Risk
STU-1791,17.8,81.0,66.2,5.2,51.3,Bachelor's Degree,Yes,Yes,Yes,Quiet / Dedicated,Medium,48.6,At-Risk (Fail),High Risk
STU-1792,29.0,98.3,62.7,6.6,91.3,Bachelor's Degree,Yes,No,Yes,Quiet / Dedicated,Low,68.6,Good (B),Low Risk
STU-1793,10.5,84.1,54.1,6.7,61.4,Bachelor's Degree,Yes,No,Yes,Quiet / Dedicated,Low,48.5,At-Risk (Fail),High Risk
STU-1794,5.2,88.3,65.7,7.4,45.8,High School,Yes,Yes,No,Quiet / Dedicated,High,41.7,At-Risk (Fail),High Risk
STU-1795,13.1,95.8,84.3,7.4,68.4,Master's / PhD,Yes,No,Yes,Quiet / Dedicated,High,67.1,Good (B),Low Risk
STU-1796,31.9,79.0,64.0,7.5,69.5,Master's / PhD,Yes,No,Yes,Noisy / Distracting,Medium,70.6,Good (B),Low Risk
STU-1797,13.3,76.9,87.7,6.9,73.2,Bachelor's Degree,Yes,Yes,No,Quiet / Dedicated,Medium,66.1,Good (B),Low Risk
STU-1798,23.0,76.4,78.2,6.1,62.3,Bachelor's Degree,Yes,Yes,Yes,Quiet / Dedicated,Low,63.8,Average (C),Moderate Risk
STU-1799,5.4,67.5,74.7,8.1,42.0,Master's / PhD,Yes,No,Yes,Moderate Noise,High,41.3,At-Risk (Fail),High Risk
STU-1800,8.1,94.0,65.7,5.2,65.3,Bachelor's Degree,Yes,Yes,No,Quiet / Dedicated,High,46.5,At-Risk (Fail),High Risk
STU-1801,20.6,72.6,59.2,8.0,76.6,High School,Yes,No,Yes,Quiet / Dedicated,Low,52.5,Average (C),Moderate Risk
STU-1802,14.0,73.7,91.5,8.4,51.6,Bachelor's Degree,Yes,No,No,Quiet / Dedicated,Medium,59.1,Average (C),Moderate Risk
STU-1803,12.0,87.4,79.1,9.7,60.6,Bachelor's Degree,Yes,No,No,Quiet / Dedicated,Low,47.7,At-Risk (Fail),High Risk
STU-1804,22.9,55.0,66.0,6.3,63.6,Associate Degree,No,Yes,Yes,Quiet / Dedicated,Low,51.8,Average (C),Moderate Risk
STU-1805,20.5,79.8,91.8,6.5,71.2,Bachelor's Degree,Yes,No,Yes,Moderate Noise,Low,66.8,Good (B),Low Risk
STU-1806,14.2,81.9,76.8,7.2,64.0,Master's / PhD,Yes,No,Yes,Moderate Noise,Low,67.4,Good (B),Low Risk
STU-1807,2.2,88.5,48.1,7.1,51.5,Master's / PhD,Yes,Yes,Yes,Quiet / Dedicated,Medium,42.4,At-Risk (Fail),High Risk
STU-1808,12.8,94.0,62.0,8.0,64.0,Associate Degree,Yes,Yes,No,Quiet / Dedicated,Medium,55.2,Average (C),Moderate Risk
STU-1809,16.1,40.0,78.2,7.7,30.0,High School,Yes,Yes,No,Quiet / Dedicated,Medium,41.9,At-Risk (Fail),High Risk
STU-1810,3.9,72.1,89.1,6.7,58.6,Master's / PhD,Yes,No,Yes,Moderate Noise,Medium,55.0,Average (C),Moderate Risk
STU-1811,15.8,86.1,99.0,7.0,64.5,Bachelor's Degree,Yes,No,No,Quiet / Dedicated,Low,70.8,Good (B),Low Risk
STU-1812,23.4,74.9,68.4,8.1,57.6,High School,Yes,Yes,No,Quiet / Dedicated,Low,57.4,Average (C),Moderate Risk
STU-1813,12.8,77.7,76.6,5.7,56.2,Master's / PhD,Yes,No,No,Moderate Noise,Medium,53.4,Average (C),Moderate Risk
STU-1814,6.9,80.0,59.4,6.8,63.8,Master's / PhD,No,Yes,Yes,Quiet / Dedicated,Medium,42.8,At-Risk (Fail),High Risk
STU-1815,2.4,74.8,55.6,7.7,46.9,Bachelor's Degree,Yes,No,Yes,Quiet / Dedicated,Medium,40.5,At-Risk (Fail),High Risk
STU-1816,16.0,53.0,44.4,5.9,51.2,Bachelor's Degree,Yes,Yes,Yes,Quiet / Dedicated,High,36.2,At-Risk (Fail),High Risk
STU-1817,4.3,89.3,73.5,4.0,62.6,Associate Degree,Yes,No,No,Noisy / Distracting,Medium,33.8,At-Risk (Fail),High Risk
STU-1818,17.7,64.2,85.7,8.7,55.0,High School,Yes,No,Yes,Noisy / Distracting,High,48.1,At-Risk (Fail),High Risk
STU-1819,31.1,57.6,78.9,7.1,62.0,Associate Degree,Yes,No,No,Moderate Noise,Medium,53.1,Average (C),Moderate Risk
STU-1820,8.3,90.5,69.2,5.7,61.4,Bachelor's Degree,No,Yes,Yes,Quiet / Dedicated,Low,46.3,At-Risk (Fail),High Risk
STU-1821,11.2,82.1,85.1,8.1,58.9,High School,Yes,Yes,Yes,Moderate Noise,Medium,54.2,Average (C),Moderate Risk
STU-1822,32.0,94.6,99.0,6.9,86.5,Associate Degree,Yes,No,Yes,Noisy / Distracting,Low,84.9,Excellent (A),Low Risk
STU-1823,13.7,94.3,56.4,6.0,76.4,Associate Degree,Yes,Yes,No,Noisy / Distracting,Medium,49.5,At-Risk (Fail),High Risk
STU-1824,9.8,74.3,34.1,7.5,46.0,Bachelor's Degree,Yes,Yes,Yes,Quiet / Dedicated,Low,33.3,At-Risk (Fail),High Risk
STU-1825,21.7,89.5,72.8,7.2,73.9,Master's / PhD,No,Yes,No,Moderate Noise,High,61.4,Average (C),Moderate Risk
STU-1826,10.1,89.2,83.2,6.4,54.7,Associate Degree,Yes,No,Yes,Quiet / Dedicated,Low,62.8,Average (C),Moderate Risk
STU-1827,8.0,51.7,46.3,6.3,40.9,Associate Degree,Yes,No,Yes,Quiet / Dedicated,High,20.3,At-Risk (Fail),High Risk
STU-1828,17.6,73.1,79.7,6.0,54.7,Bachelor's Degree,Yes,No,Yes,Moderate Noise,High,48.7,At-Risk (Fail),High Risk
STU-1829,22.6,94.7,63.3,7.9,75.7,Associate Degree,Yes,Yes,Yes,Quiet / Dedicated,Medium,72.4,Good (B),Low Risk
STU-1830,7.9,90.9,72.7,5.7,69.2,High School,Yes,No,Yes,Noisy / Distracting,Medium,41.9,At-Risk (Fail),High Risk
STU-1831,14.3,92.8,55.1,6.2,71.5,Associate Degree,Yes,No,Yes,Quiet / Dedicated,Medium,52.5,Average (C),Moderate Risk
STU-1832,11.5,81.3,54.3,7.2,50.2,High School,Yes,No,Yes,Quiet / Dedicated,High,44.2,At-Risk (Fail),High Risk
STU-1833,12.6,89.2,52.5,8.7,57.8,High School,Yes,No,Yes,Noisy / Distracting,Medium,35.8,At-Risk (Fail),High Risk
STU-1834,6.9,89.0,77.3,7.2,51.5,Associate Degree,Yes,No,No,Noisy / Distracting,High,41.9,At-Risk (Fail),High Risk
STU-1835,18.3,84.9,59.3,7.7,66.7,Associate Degree,Yes,Yes,No,Quiet / Dedicated,Medium,56.7,Average (C),Moderate Risk
STU-1836,27.6,80.9,71.8,7.2,85.5,Master's / PhD,Yes,No,Yes,Quiet / Dedicated,High,68.5,Good (B),Low Risk
STU-1837,7.8,81.5,68.4,8.1,66.8,Associate Degree,Yes,Yes,No,Moderate Noise,Medium,48.4,At-Risk (Fail),High Risk
STU-1838,18.3,93.9,51.5,9.2,73.1,Bachelor's Degree,Yes,No,No,Quiet / Dedicated,Medium,59.1,Average (C),Moderate Risk
STU-1839,21.4,95.3,69.1,6.6,62.8,Bachelor's Degree,Yes,No,Yes,Noisy / Distracting,High,59.7,Average (C),Moderate Risk
STU-1840,14.2,74.9,71.3,7.1,61.0,High School,Yes,No,No,Noisy / Distracting,High,40.0,At-Risk (Fail),High Risk
STU-1841,17.9,80.1,82.9,7.3,60.8,Bachelor's Degree,Yes,Yes,No,Quiet / Dedicated,Medium,62.5,Average (C),Moderate Risk
STU-1842,8.4,79.8,88.9,7.7,56.6,High School,Yes,No,Yes,Quiet / Dedicated,Low,58.7,Average (C),Moderate Risk
STU-1843,26.8,89.0,53.7,7.2,100.0,Master's / PhD,Yes,No,Yes,Quiet / Dedicated,Medium,69.0,Good (B),Low Risk
STU-1844,22.7,75.0,73.0,6.5,65.5,High School,No,Yes,No,Noisy / Distracting,High,55.0,Average (C),Moderate Risk
STU-1845,24.1,69.6,37.0,7.1,75.3,Associate Degree,Yes,No,Yes,Quiet / Dedicated,Medium,44.8,At-Risk (Fail),High Risk
STU-1846,6.2,82.0,79.9,9.8,57.8,High School,Yes,No,Yes,Quiet / Dedicated,High,40.9,At-Risk (Fail),High Risk
STU-1847,16.6,89.1,83.4,7.4,69.8,Master's / PhD,Yes,No,Yes,Quiet / Dedicated,Low,68.2,Good (B),Low Risk
STU-1848,8.8,63.7,30.6,5.0,35.2,Bachelor's Degree,Yes,No,Yes,Moderate Noise,Medium,21.4,At-Risk (Fail),High Risk
STU-1849,28.0,57.6,63.3,6.7,67.1,Bachelor's Degree,Yes,Yes,No,Quiet / Dedicated,Medium,61.0,Average (C),Moderate Risk
STU-1850,7.9,82.4,55.4,7.1,53.1,High School,Yes,No,No,Quiet / Dedicated,High,30.3,At-Risk (Fail),High Risk
STU-1851,14.5,92.3,63.2,6.9,60.4,Bachelor's Degree,No,Yes,No,Noisy / Distracting,Low,52.4,Average (C),Moderate Risk
STU-1852,3.2,88.6,60.4,7.0,56.2,High School,Yes,No,Yes,Noisy / Distracting,High,30.8,At-Risk (Fail),High Risk
STU-1853,14.5,73.4,67.4,7.4,67.6,Master's / PhD,Yes,No,Yes,Moderate Noise,Medium,48.7,At-Risk (Fail),High Risk
STU-1854,6.2,88.4,81.8,7.7,50.5,High School,Yes,No,Yes,Quiet / Dedicated,Low,62.4,Average (C),Moderate Risk
STU-1855,17.1,57.0,63.6,7.4,67.8,High School,Yes,Yes,Yes,Quiet / Dedicated,Medium,52.0,Average (C),Moderate Risk
STU-1856,11.7,89.5,54.2,8.1,53.5,High School,No,Yes,Yes,Moderate Noise,Medium,40.3,At-Risk (Fail),High Risk
STU-1857,10.3,59.0,65.2,5.5,41.2,Associate Degree,Yes,No,No,Quiet / Dedicated,Medium,35.2,At-Risk (Fail),High Risk
STU-1858,28.4,48.6,64.5,6.8,53.5,Bachelor's Degree,Yes,No,No,Noisy / Distracting,Low,45.9,At-Risk (Fail),High Risk
STU-1859,37.2,54.4,66.8,7.6,70.2,High School,Yes,No,Yes,Moderate Noise,Low,52.0,Average (C),Moderate Risk
STU-1860,5.1,92.8,59.2,7.4,54.8,Bachelor's Degree,Yes,No,No,Quiet / Dedicated,High,41.8,At-Risk (Fail),High Risk
STU-1861,10.5,95.8,73.1,6.4,68.6,Associate Degree,Yes,No,Yes,Noisy / Distracting,Low,58.1,Average (C),Moderate Risk
STU-1862,19.8,93.4,86.1,6.5,78.4,Bachelor's Degree,Yes,Yes,Yes,Noisy / Distracting,Low,71.0,Good (B),Low Risk
STU-1863,15.6,95.0,50.2,6.2,59.6,Associate Degree,Yes,Yes,No,Quiet / Dedicated,Medium,53.1,Average (C),Moderate Risk
STU-1864,19.2,49.1,74.3,8.2,56.5,Associate Degree,Yes,Yes,Yes,Moderate Noise,Medium,48.2,At-Risk (Fail),High Risk
STU-1865,12.2,91.0,81.4,5.1,55.9,Bachelor's Degree,Yes,Yes,No,Quiet / Dedicated,High,47.9,At-Risk (Fail),High Risk
STU-1866,23.2,78.7,61.9,5.7,73.7,High School,Yes,No,No,Quiet / Dedicated,Medium,55.4,Average (C),Moderate Risk
STU-1867,14.2,75.4,85.5,7.6,54.0,High School,Yes,No,Yes,Quiet / Dedicated,High,46.7,At-Risk (Fail),High Risk
STU-1868,16.1,77.6,67.2,7.7,52.8,Master's / PhD,Yes,No,No,Moderate Noise,Medium,60.3,Average (C),Moderate Risk
STU-1869,6.2,91.3,52.2,5.4,68.9,Master's / PhD,Yes,Yes,Yes,Noisy / Distracting,Low,46.6,At-Risk (Fail),High Risk
STU-1870,13.4,71.1,50.2,7.8,63.3,Associate Degree,Yes,No,Yes,Quiet / Dedicated,Low,44.8,At-Risk (Fail),High Risk
STU-1871,19.9,97.6,79.0,7.3,74.7,Associate Degree,Yes,Yes,Yes,Quiet / Dedicated,Medium,72.7,Good (B),Low Risk
STU-1872,15.1,70.4,77.7,7.7,61.5,Bachelor's Degree,Yes,Yes,Yes,Moderate Noise,Medium,57.7,Average (C),Moderate Risk
STU-1873,33.4,87.1,89.9,7.2,86.4,Associate Degree,Yes,No,No,Quiet / Dedicated,Medium,83.6,Excellent (A),Low Risk
STU-1874,13.7,76.2,77.4,7.6,52.4,High School,Yes,Yes,Yes,Noisy / Distracting,Medium,53.6,Average (C),Moderate Risk
STU-1875,16.7,96.1,66.6,7.6,79.1,High School,Yes,No,No,Quiet / Dedicated,Medium,56.3,Average (C),Moderate Risk
STU-1876,14.2,84.8,74.8,7.6,64.7,Bachelor's Degree,Yes,Yes,No,Quiet / Dedicated,Low,65.0,Good (B),Low Risk
STU-1877,12.4,62.5,69.0,7.4,46.2,Bachelor's Degree,Yes,No,Yes,Quiet / Dedicated,Low,50.1,Average (C),Moderate Risk
STU-1878,20.3,82.2,63.3,7.0,70.9,High School,Yes,No,No,Moderate Noise,Medium,51.9,Average (C),Moderate Risk
STU-1879,11.9,75.2,60.3,7.0,55.4,High School,Yes,Yes,Yes,Quiet / Dedicated,Medium,56.3,Average (C),Moderate Risk
STU-1880,6.0,80.7,43.9,7.4,56.3,High School,Yes,No,Yes,Moderate Noise,Medium,32.3,At-Risk (Fail),High Risk
STU-1881,27.7,83.4,57.6,8.0,84.2,Bachelor's Degree,Yes,No,Yes,Quiet / Dedicated,Low,58.9,Average (C),Moderate Risk
STU-1882,8.9,73.1,67.7,9.3,62.2,High School,No,No,Yes,Quiet / Dedicated,Medium,34.5,At-Risk (Fail),High Risk
STU-1883,4.9,46.8,30.1,7.7,30.0,High School,Yes,Yes,Yes,Quiet / Dedicated,High,16.6,At-Risk (Fail),High Risk
STU-1884,17.8,76.9,60.8,7.5,62.3,Bachelor's Degree,Yes,No,No,Noisy / Distracting,Low,47.4,At-Risk (Fail),High Risk
STU-1885,29.6,68.0,80.9,8.4,89.1,High School,Yes,No,Yes,Noisy / Distracting,Medium,58.6,Average (C),Moderate Risk
STU-1886,18.0,54.4,86.8,7.5,42.6,Bachelor's Degree,Yes,No,Yes,Quiet / Dedicated,High,58.4,Average (C),Moderate Risk
STU-1887,25.6,79.2,60.6,5.9,68.1,High School,Yes,No,No,Quiet / Dedicated,Medium,53.1,Average (C),Moderate Risk
STU-1888,7.4,93.9,60.1,6.3,79.5,High School,Yes,No,No,Quiet / Dedicated,Medium,45.0,At-Risk (Fail),High Risk
STU-1889,6.0,81.8,57.9,9.1,59.1,High School,Yes,No,No,Quiet / Dedicated,Low,29.0,At-Risk (Fail),High Risk
STU-1890,10.5,76.9,60.2,6.3,39.8,Bachelor's Degree,Yes,No,Yes,Quiet / Dedicated,Medium,46.5,At-Risk (Fail),High Risk
STU-1891,22.3,85.2,84.0,7.7,69.8,Master's / PhD,Yes,No,No,Noisy / Distracting,Low,69.5,Good (B),Low Risk
STU-1892,17.1,83.0,90.8,6.0,66.4,Bachelor's Degree,Yes,No,No,Noisy / Distracting,High,62.4,Average (C),Moderate Risk
STU-1893,17.8,80.7,44.4,8.5,73.9,Associate Degree,Yes,No,No,Quiet / Dedicated,Medium,41.1,At-Risk (Fail),High Risk
STU-1894,13.7,78.7,56.6,6.6,69.1,Bachelor's Degree,No,No,No,Quiet / Dedicated,High,39.5,At-Risk (Fail),High Risk
STU-1895,10.6,59.0,41.9,7.2,42.9,High School,Yes,No,Yes,Noisy / Distracting,Medium,25.2,At-Risk (Fail),High Risk
STU-1896,14.1,88.7,67.6,6.8,66.6,Associate Degree,Yes,Yes,Yes,Moderate Noise,Medium,62.8,Average (C),Moderate Risk
STU-1897,11.7,84.3,61.2,7.7,63.1,Master's / PhD,Yes,No,Yes,Quiet / Dedicated,Medium,54.9,Average (C),Moderate Risk
STU-1898,10.2,46.0,73.0,7.3,41.9,High School,Yes,No,Yes,Quiet / Dedicated,High,32.7,At-Risk (Fail),High Risk
STU-1899,15.8,93.1,77.3,8.1,65.0,High School,Yes,No,No,Quiet / Dedicated,High,62.5,Average (C),Moderate Risk
STU-1900,11.1,92.5,75.7,7.8,75.1,High School,Yes,No,Yes,Quiet / Dedicated,Medium,58.1,Average (C),Moderate Risk
STU-1901,14.9,80.3,45.0,7.4,63.7,High School,Yes,Yes,No,Quiet / Dedicated,High,41.8,At-Risk (Fail),High Risk
STU-1902,3.4,93.9,67.6,7.8,50.2,High School,Yes,No,No,Quiet / Dedicated,Medium,49.0,At-Risk (Fail),High Risk
STU-1903,14.2,69.8,44.3,7.9,60.6,Bachelor's Degree,Yes,Yes,Yes,Moderate Noise,Medium,48.2,At-Risk (Fail),High Risk
STU-1904,11.0,48.3,92.3,6.7,57.3,Associate Degree,Yes,No,Yes,Quiet / Dedicated,Medium,53.6,Average (C),Moderate Risk
STU-1905,26.4,94.3,63.0,6.6,79.7,Master's / PhD,Yes,No,No,Quiet / Dedicated,Low,79.8,Good (B),Low Risk
STU-1906,4.8,91.6,48.9,8.8,65.9,Bachelor's Degree,Yes,No,No,Quiet / Dedicated,Low,42.3,At-Risk (Fail),High Risk
STU-1907,13.6,65.8,60.4,7.9,48.6,Associate Degree,Yes,Yes,Yes,Moderate Noise,Low,47.9,At-Risk (Fail),High Risk
STU-1908,20.1,77.0,70.9,7.5,59.8,Associate Degree,No,No,Yes,Noisy / Distracting,Medium,47.6,At-Risk (Fail),High Risk
STU-1909,12.0,87.5,78.3,6.2,64.0,Associate Degree,Yes,Yes,Yes,Quiet / Dedicated,Medium,61.9,Average (C),Moderate Risk
STU-1910,10.8,75.6,86.2,5.1,60.2,Bachelor's Degree,Yes,Yes,No,Quiet / Dedicated,Medium,53.9,Average (C),Moderate Risk
STU-1911,20.0,80.5,68.9,6.8,73.3,Associate Degree,Yes,Yes,Yes,Noisy / Distracting,High,58.9,Average (C),Moderate Risk
STU-1912,16.9,87.0,63.3,6.6,76.1,Bachelor's Degree,Yes,Yes,No,Quiet / Dedicated,Medium,62.2,Average (C),Moderate Risk
STU-1913,17.6,88.4,77.6,6.8,74.4,Associate Degree,Yes,No,Yes,Quiet / Dedicated,Medium,62.8,Average (C),Moderate Risk
STU-1914,10.2,88.1,77.2,8.0,61.3,Bachelor's Degree,Yes,No,Yes,Quiet / Dedicated,Low,62.0,Average (C),Moderate Risk
STU-1915,9.4,95.4,69.7,8.8,61.4,Associate Degree,No,No,Yes,Quiet / Dedicated,Low,48.7,At-Risk (Fail),High Risk
STU-1916,14.9,89.1,79.3,8.3,80.6,Associate Degree,Yes,No,Yes,Quiet / Dedicated,High,63.0,Average (C),Moderate Risk
STU-1917,20.9,88.5,59.5,6.4,67.5,Master's / PhD,Yes,Yes,Yes,Noisy / Distracting,Medium,56.3,Average (C),Moderate Risk
STU-1918,5.5,82.4,67.7,7.7,48.6,Bachelor's Degree,Yes,No,Yes,Moderate Noise,High,37.9,At-Risk (Fail),High Risk
STU-1919,12.2,94.6,39.5,6.6,62.1,High School,Yes,No,Yes,Quiet / Dedicated,Low,38.5,At-Risk (Fail),High Risk
STU-1920,9.7,85.0,87.5,5.1,58.6,Master's / PhD,Yes,No,Yes,Noisy / Distracting,Medium,46.1,At-Risk (Fail),High Risk
STU-1921,13.0,86.8,61.1,7.0,70.1,Associate Degree,Yes,No,Yes,Quiet / Dedicated,Low,52.6,Average (C),Moderate Risk
STU-1922,19.1,78.1,87.5,8.5,47.2,Master's / PhD,Yes,No,No,Quiet / Dedicated,Low,63.1,Average (C),Moderate Risk
STU-1923,7.8,83.3,58.8,6.7,49.7,Bachelor's Degree,Yes,Yes,Yes,Moderate Noise,Low,48.4,At-Risk (Fail),High Risk
STU-1924,17.9,89.5,72.2,8.0,66.3,Associate Degree,Yes,No,Yes,Moderate Noise,Low,60.4,Average (C),Moderate Risk
STU-1925,10.4,87.8,68.8,6.4,62.4,High School,No,Yes,No,Quiet / Dedicated,Medium,50.8,Average (C),Moderate Risk
STU-1926,22.7,54.9,59.6,7.9,47.5,Associate Degree,Yes,No,No,Quiet / Dedicated,Low,47.7,At-Risk (Fail),High Risk
STU-1927,8.1,81.4,74.7,6.8,55.7,Bachelor's Degree,No,No,Yes,Moderate Noise,High,42.9,At-Risk (Fail),High Risk
STU-1928,20.8,79.8,85.9,8.8,67.5,Bachelor's Degree,Yes,No,No,Moderate Noise,Medium,68.3,Good (B),Low Risk
STU-1929,5.9,69.1,93.1,6.8,55.8,Associate Degree,No,Yes,No,Moderate Noise,Low,49.6,At-Risk (Fail),High Risk
STU-1930,14.3,84.4,78.4,6.5,60.0,High School,Yes,No,No,Quiet / Dedicated,Low,61.3,Average (C),Moderate Risk
STU-1931,18.1,94.8,51.1,8.7,74.5,Bachelor's Degree,Yes,Yes,Yes,Quiet / Dedicated,Medium,58.6,Average (C),Moderate Risk
STU-1932,8.3,68.7,48.3,6.5,51.1,Master's / PhD,No,No,No,Quiet / Dedicated,Low,32.9,At-Risk (Fail),High Risk
STU-1933,2.8,93.5,83.9,7.3,70.7,Bachelor's Degree,Yes,Yes,Yes,Quiet / Dedicated,High,64.3,Average (C),Moderate Risk
STU-1934,9.9,86.4,54.0,6.5,52.3,High School,No,Yes,No,Noisy / Distracting,High,34.7,At-Risk (Fail),High Risk
STU-1935,13.1,93.5,76.6,8.1,76.1,Associate Degree,Yes,No,No,Quiet / Dedicated,Low,59.6,Average (C),Moderate Risk
STU-1936,10.8,63.7,69.9,8.5,58.6,High School,Yes,No,Yes,Quiet / Dedicated,Medium,45.5,At-Risk (Fail),High Risk
STU-1937,9.3,77.7,86.5,6.4,63.5,Master's / PhD,Yes,Yes,No,Moderate Noise,Low,63.1,Average (C),Moderate Risk
STU-1938,20.2,81.1,75.1,7.7,62.8,High School,Yes,Yes,Yes,Quiet / Dedicated,Medium,67.5,Good (B),Low Risk
STU-1939,23.9,95.7,67.6,7.8,79.4,Bachelor's Degree,Yes,No,No,Quiet / Dedicated,Medium,71.4,Good (B),Low Risk
STU-1940,23.1,91.6,96.9,7.2,67.3,Associate Degree,Yes,No,Yes,Moderate Noise,Low,81.0,Excellent (A),Low Risk
STU-1941,16.5,75.0,79.5,8.8,58.4,Bachelor's Degree,Yes,No,Yes,Noisy / Distracting,Low,53.5,Average (C),Moderate Risk
STU-1942,17.7,79.6,75.8,8.8,77.4,Bachelor's Degree,Yes,Yes,Yes,Moderate Noise,Medium,61.2,Average (C),Moderate Risk
STU-1943,7.4,85.2,58.4,6.2,67.6,Bachelor's Degree,Yes,No,No,Quiet / Dedicated,Medium,44.7,At-Risk (Fail),High Risk
STU-1944,12.5,84.3,51.9,8.4,66.3,High School,Yes,Yes,Yes,Moderate Noise,Low,41.1,At-Risk (Fail),High Risk
STU-1945,13.7,73.8,64.4,7.7,60.4,High School,Yes,Yes,Yes,Moderate Noise,Medium,54.2,Average (C),Moderate Risk
STU-1946,15.2,78.3,47.0,7.4,58.7,High School,Yes,No,Yes,Quiet / Dedicated,Medium,38.0,At-Risk (Fail),High Risk
STU-1947,15.0,85.7,63.5,6.8,62.2,Master's / PhD,Yes,No,No,Quiet / Dedicated,High,53.6,Average (C),Moderate Risk
STU-1948,13.1,81.1,79.2,5.5,57.3,Master's / PhD,Yes,Yes,Yes,Noisy / Distracting,Low,53.8,Average (C),Moderate Risk
STU-1949,16.4,76.0,81.7,7.4,71.7,Bachelor's Degree,Yes,Yes,Yes,Quiet / Dedicated,High,62.6,Average (C),Moderate Risk
STU-1950,14.7,76.3,63.2,7.4,58.3,Bachelor's Degree,Yes,Yes,Yes,Moderate Noise,Medium,56.2,Average (C),Moderate Risk
STU-1951,14.6,69.5,99.0,9.3,54.4,Bachelor's Degree,No,No,Yes,Quiet / Dedicated,Low,55.1,Average (C),Moderate Risk
STU-1952,8.6,74.6,85.8,6.4,60.2,High School,Yes,No,Yes,Quiet / Dedicated,Medium,54.9,Average (C),Moderate Risk
STU-1953,6.4,70.4,67.6,5.3,65.4,Master's / PhD,Yes,Yes,Yes,Quiet / Dedicated,Medium,47.2,At-Risk (Fail),High Risk
STU-1954,15.2,80.1,84.0,5.8,67.0,Associate Degree,Yes,Yes,No,Moderate Noise,High,52.3,Average (C),Moderate Risk
STU-1955,10.1,64.3,59.9,8.9,39.6,Associate Degree,Yes,No,Yes,Quiet / Dedicated,Low,42.8,At-Risk (Fail),High Risk
STU-1956,8.8,94.5,71.6,6.6,67.0,Bachelor's Degree,Yes,No,Yes,Moderate Noise,Medium,60.9,Average (C),Moderate Risk
STU-1957,18.4,62.7,63.0,8.6,59.6,High School,Yes,No,Yes,Moderate Noise,Medium,51.1,Average (C),Moderate Risk
STU-1958,12.5,80.6,51.0,7.1,63.8,High School,Yes,Yes,No,Moderate Noise,High,39.2,At-Risk (Fail),High Risk
STU-1959,25.7,86.7,75.5,6.0,71.2,Bachelor's Degree,Yes,Yes,No,Noisy / Distracting,Medium,65.3,Good (B),Low Risk
STU-1960,17.4,85.8,67.9,9.3,71.8,High School,No,No,No,Moderate Noise,High,43.7,At-Risk (Fail),High Risk
STU-1961,8.3,64.7,69.0,8.5,42.0,Bachelor's Degree,No,No,Yes,Quiet / Dedicated,High,38.8,At-Risk (Fail),High Risk
STU-1962,18.5,74.8,67.6,6.9,67.0,High School,Yes,Yes,Yes,Noisy / Distracting,Low,60.5,Average (C),Moderate Risk
STU-1963,16.0,53.3,55.4,8.2,59.5,Associate Degree,Yes,No,Yes,Moderate Noise,High,36.5,At-Risk (Fail),High Risk
STU-1964,8.1,71.2,90.2,7.2,59.0,Associate Degree,Yes,Yes,Yes,Quiet / Dedicated,High,59.1,Average (C),Moderate Risk
STU-1965,9.4,81.3,71.5,7.6,61.7,Associate Degree,Yes,No,Yes,Quiet / Dedicated,Low,50.4,Average (C),Moderate Risk
STU-1966,18.1,78.6,64.3,9.0,71.6,Bachelor's Degree,Yes,Yes,No,Moderate Noise,Medium,62.0,Average (C),Moderate Risk
STU-1967,4.1,76.3,49.7,5.4,58.4,Associate Degree,Yes,Yes,No,Quiet / Dedicated,Medium,32.7,At-Risk (Fail),High Risk
STU-1968,3.1,86.6,87.6,6.7,46.3,Bachelor's Degree,Yes,No,No,Moderate Noise,Medium,43.4,At-Risk (Fail),High Risk
STU-1969,14.2,65.5,80.8,7.1,58.0,Associate Degree,Yes,No,Yes,Quiet / Dedicated,Low,47.9,At-Risk (Fail),High Risk
STU-1970,13.6,85.5,68.0,7.5,64.6,Bachelor's Degree,Yes,No,No,Quiet / Dedicated,Low,59.4,Average (C),Moderate Risk
STU-1971,14.9,51.3,50.0,5.7,45.3,Master's / PhD,No,No,Yes,Moderate Noise,Medium,24.0,At-Risk (Fail),High Risk
STU-1972,13.7,92.3,91.2,8.1,62.9,Bachelor's Degree,No,Yes,Yes,Quiet / Dedicated,Medium,69.1,Good (B),Low Risk
STU-1973,16.3,66.2,62.9,5.8,44.1,High School,Yes,No,No,Quiet / Dedicated,Low,36.0,At-Risk (Fail),High Risk
STU-1974,24.0,97.9,58.6,5.7,82.3,High School,Yes,Yes,Yes,Moderate Noise,High,57.1,Average (C),Moderate Risk
STU-1975,13.0,86.2,67.3,6.8,75.9,Associate Degree,Yes,No,Yes,Quiet / Dedicated,Medium,58.3,Average (C),Moderate Risk
STU-1976,5.2,80.5,73.3,9.2,47.9,Bachelor's Degree,Yes,Yes,Yes,Moderate Noise,Low,49.7,At-Risk (Fail),High Risk
STU-1977,3.8,83.4,65.6,9.9,68.1,High School,Yes,No,No,Moderate Noise,Medium,33.2,At-Risk (Fail),High Risk
STU-1978,10.6,81.4,25.0,7.6,67.1,Associate Degree,Yes,Yes,No,Moderate Noise,Medium,36.2,At-Risk (Fail),High Risk
STU-1979,10.8,71.9,71.5,6.8,53.6,Bachelor's Degree,Yes,No,Yes,Quiet / Dedicated,High,46.0,At-Risk (Fail),High Risk
STU-1980,5.8,55.8,80.9,7.3,49.9,Associate Degree,Yes,No,No,Quiet / Dedicated,Low,45.6,At-Risk (Fail),High Risk
STU-1981,2.7,80.2,55.5,7.5,42.1,Bachelor's Degree,Yes,No,Yes,Moderate Noise,Low,37.1,At-Risk (Fail),High Risk
STU-1982,10.2,84.6,89.8,8.7,61.4,High School,No,Yes,Yes,Noisy / Distracting,High,49.1,At-Risk (Fail),High Risk
STU-1983,29.5,58.8,80.2,5.8,52.6,High School,Yes,Yes,No,Moderate Noise,High,59.3,Average (C),Moderate Risk
STU-1984,16.0,86.1,74.6,8.4,74.7,Bachelor's Degree,Yes,No,No,Moderate Noise,Medium,59.5,Average (C),Moderate Risk
STU-1985,15.2,88.4,53.8,5.5,67.7,Associate Degree,No,No,No,Quiet / Dedicated,High,33.5,At-Risk (Fail),High Risk
STU-1986,11.8,83.8,71.9,6.6,72.5,Bachelor's Degree,Yes,Yes,Yes,Quiet / Dedicated,Low,58.2,Average (C),Moderate Risk
STU-1987,10.6,68.5,73.0,7.1,54.9,Associate Degree,Yes,No,No,Quiet / Dedicated,Medium,47.5,At-Risk (Fail),High Risk
STU-1988,16.8,66.0,66.9,7.6,56.6,High School,Yes,Yes,No,Quiet / Dedicated,Low,49.1,At-Risk (Fail),High Risk
STU-1989,6.2,80.6,80.5,7.1,67.2,Bachelor's Degree,Yes,No,No,Quiet / Dedicated,Low,60.9,Average (C),Moderate Risk
STU-1990,33.5,69.3,62.9,7.3,66.7,Bachelor's Degree,Yes,Yes,Yes,Noisy / Distracting,High,53.4,Average (C),Moderate Risk
STU-1991,6.5,79.5,64.2,7.1,57.5,Bachelor's Degree,Yes,Yes,No,Quiet / Dedicated,Low,51.0,Average (C),Moderate Risk
STU-1992,17.6,87.3,58.7,5.4,62.7,Associate Degree,Yes,No,No,Quiet / Dedicated,Medium,51.2,Average (C),Moderate Risk
STU-1993,6.9,60.0,61.7,7.7,51.6,Bachelor's Degree,Yes,Yes,Yes,Quiet / Dedicated,High,37.8,At-Risk (Fail),High Risk
STU-1994,13.8,51.5,65.9,8.0,63.1,Associate Degree,Yes,No,Yes,Noisy / Distracting,Low,42.5,At-Risk (Fail),High Risk
STU-1995,18.6,88.9,65.4,8.6,69.8,High School,Yes,No,Yes,Moderate Noise,High,50.9,Average (C),Moderate Risk
STU-1996,4.6,76.1,64.8,9.1,58.6,Master's / PhD,Yes,Yes,No,Moderate Noise,High,41.0,At-Risk (Fail),High Risk
STU-1997,7.4,92.1,80.9,7.6,54.2,High School,Yes,No,No,Noisy / Distracting,Medium,52.9,Average (C),Moderate Risk
STU-1998,7.7,82.9,89.0,8.7,70.4,Master's / PhD,No,No,No,Quiet / Dedicated,Low,51.4,Average (C),Moderate Risk
STU-1999,11.1,71.6,50.1,7.1,49.9,Associate Degree,Yes,Yes,No,Moderate Noise,Medium,44.3,At-Risk (Fail),High Risk
STU-2000,14.8,73.3,88.7,5.5,43.5,High School,Yes,No,Yes,Quiet / Dedicated,Medium,44.6,At-Risk (Fail),High Risk
STU-2001,29.8,74.6,77.4,8.2,78.4,Bachelor's Degree,Yes,No,Yes,Quiet / Dedicated,Medium,74.8,Good (B),Low Risk
STU-2002,9.4,64.7,55.5,7.9,53.4,Master's / PhD,Yes,No,Yes,Moderate Noise,Medium,41.8,At-Risk (Fail),High Risk
STU-2003,28.8,78.5,63.4,7.1,74.9,Bachelor's Degree,No,Yes,Yes,Moderate Noise,High,60.1,Average (C),Moderate Risk
STU-2004,15.7,50.6,72.0,7.0,43.4,Bachelor's Degree,Yes,Yes,Yes,Quiet / Dedicated,Low,57.5,Average (C),Moderate Risk
STU-2005,6.4,89.5,44.8,7.6,54.0,Bachelor's Degree,Yes,Yes,Yes,Quiet / Dedicated,Medium,49.1,At-Risk (Fail),High Risk
STU-2006,11.8,93.3,66.8,6.7,57.5,Bachelor's Degree,Yes,Yes,Yes,Moderate Noise,Low,62.1,Average (C),Moderate Risk
STU-2007,5.3,83.7,75.4,7.6,43.8,Bachelor's Degree,Yes,No,Yes,Quiet / Dedicated,Medium,51.0,Average (C),Moderate Risk
STU-2008,10.6,82.8,57.6,6.1,45.5,High School,Yes,No,Yes,Quiet / Dedicated,High,36.8,At-Risk (Fail),High Risk
STU-2009,10.2,62.5,47.3,6.2,47.1,Associate Degree,No,Yes,Yes,Quiet / Dedicated,Medium,35.1,At-Risk (Fail),High Risk
STU-2010,14.0,78.5,70.8,5.6,67.2,High School,Yes,Yes,Yes,Quiet / Dedicated,Low,54.3,Average (C),Moderate Risk
STU-2011,17.7,83.1,98.9,9.6,71.1,Master's / PhD,No,No,No,Moderate Noise,Medium,62.0,Average (C),Moderate Risk
STU-2012,12.3,78.2,58.0,7.2,56.9,Master's / PhD,Yes,No,No,Quiet / Dedicated,Medium,48.9,At-Risk (Fail),High Risk
STU-2013,6.9,86.3,58.4,8.4,77.6,High School,Yes,Yes,No,Quiet / Dedicated,Medium,46.1,At-Risk (Fail),High Risk
STU-2014,25.6,84.3,65.2,5.9,79.9,Bachelor's Degree,Yes,No,Yes,Quiet / Dedicated,Medium,56.4,Average (C),Moderate Risk
STU-2015,30.8,94.9,90.0,6.9,83.3,Master's / PhD,No,Yes,No,Noisy / Distracting,Low,84.3,Excellent (A),Low Risk
STU-2016,11.7,94.0,44.9,7.7,58.6,High School,Yes,No,No,Quiet / Dedicated,High,38.6,At-Risk (Fail),High Risk
STU-2017,15.3,89.5,78.8,8.7,66.2,Bachelor's Degree,Yes,No,No,Quiet / Dedicated,High,57.6,Average (C),Moderate Risk
STU-2018,11.3,58.6,61.4,6.4,48.1,Master's / PhD,Yes,Yes,Yes,Quiet / Dedicated,Medium,38.6,At-Risk (Fail),High Risk
STU-2019,14.0,83.2,62.6,6.7,63.3,High School,Yes,Yes,No,Moderate Noise,High,47.2,At-Risk (Fail),High Risk
STU-2020,14.4,76.3,53.9,6.2,55.8,Bachelor's Degree,Yes,No,No,Moderate Noise,Medium,37.2,At-Risk (Fail),High Risk
STU-2021,5.9,61.6,64.5,7.0,44.5,Associate Degree,Yes,Yes,No,Moderate Noise,Medium,37.6,At-Risk (Fail),High Risk
STU-2022,10.8,88.9,54.3,6.0,69.3,Master's / PhD,Yes,No,No,Noisy / Distracting,Low,48.3,At-Risk (Fail),High Risk
STU-2023,21.7,94.1,60.4,5.5,70.8,Master's / PhD,Yes,No,Yes,Moderate Noise,Medium,56.4,Average (C),Moderate Risk
STU-2024,20.7,77.0,33.5,7.4,67.5,Master's / PhD,Yes,No,Yes,Moderate Noise,Medium,43.0,At-Risk (Fail),High Risk
STU-2025,10.6,86.9,43.7,7.8,53.4,Associate Degree,Yes,No,Yes,Quiet / Dedicated,Low,40.2,At-Risk (Fail),High Risk
STU-2026,14.6,97.1,72.7,5.8,76.5,Master's / PhD,Yes,No,No,Quiet / Dedicated,Medium,58.9,Average (C),Moderate Risk
STU-2027,11.1,74.3,85.7,6.4,55.6,Bachelor's Degree,No,Yes,Yes,Noisy / Distracting,High,54.8,Average (C),Moderate Risk
STU-2028,18.0,88.4,99.0,7.0,82.0,Associate Degree,Yes,No,Yes,Quiet / Dedicated,Medium,79.5,Good (B),Low Risk
STU-2029,4.5,66.5,80.9,9.0,53.9,Bachelor's Degree,No,Yes,Yes,Quiet / Dedicated,Medium,44.3,At-Risk (Fail),High Risk
STU-2030,16.9,78.1,60.8,4.0,71.6,High School,Yes,No,Yes,Moderate Noise,High,29.9,At-Risk (Fail),High Risk
STU-2031,26.5,70.1,40.2,7.6,70.5,Bachelor's Degree,Yes,Yes,Yes,Quiet / Dedicated,Low,54.6,Average (C),Moderate Risk
STU-2032,8.5,96.3,75.6,7.8,52.7,High School,Yes,Yes,No,Moderate Noise,Medium,57.7,Average (C),Moderate Risk
STU-2033,24.7,48.9,47.7,6.3,62.3,High School,Yes,No,No,Moderate Noise,High,31.3,At-Risk (Fail),High Risk
STU-2034,15.0,69.6,56.7,6.7,52.3,High School,Yes,Yes,Yes,Quiet / Dedicated,Medium,38.8,At-Risk (Fail),High Risk
STU-2035,12.3,50.4,80.4,7.5,45.7,Bachelor's Degree,Yes,No,Yes,Moderate Noise,Medium,46.9,At-Risk (Fail),High Risk
STU-2036,10.6,47.0,72.1,7.1,36.0,Associate Degree,Yes,No,Yes,Quiet / Dedicated,Low,41.3,At-Risk (Fail),High Risk
STU-2037,25.1,71.7,55.0,9.0,58.2,Bachelor's Degree,Yes,No,No,Quiet / Dedicated,High,54.3,Average (C),Moderate Risk
STU-2038,11.1,83.8,44.1,7.2,59.2,High School,Yes,No,Yes,Moderate Noise,Medium,48.0,At-Risk (Fail),High Risk
STU-2039,28.6,75.4,71.0,8.0,78.4,Associate Degree,Yes,No,Yes,Moderate Noise,High,62.9,Average (C),Moderate Risk
STU-2040,26.9,70.3,72.7,7.6,64.5,Bachelor's Degree,Yes,No,Yes,Moderate Noise,Medium,59.4,Average (C),Moderate Risk
STU-2041,9.8,89.3,89.1,7.9,67.9,Bachelor's Degree,Yes,Yes,No,Quiet / Dedicated,Medium,70.9,Good (B),Low Risk
STU-2042,11.6,89.3,33.1,6.2,74.2,Associate Degree,Yes,No,No,Moderate Noise,High,26.0,At-Risk (Fail),High Risk
STU-2043,3.6,93.5,69.7,7.3,56.0,Bachelor's Degree,Yes,No,No,Quiet / Dedicated,Medium,49.4,At-Risk (Fail),High Risk
STU-2044,12.5,83.9,80.8,7.0,67.4,Master's / PhD,Yes,No,No,Noisy / Distracting,Medium,52.1,Average (C),Moderate Risk
STU-2045,13.4,74.8,62.1,6.3,55.2,Bachelor's Degree,Yes,No,Yes,Quiet / Dedicated,Medium,50.2,Average (C),Moderate Risk
STU-2046,22.9,55.0,45.6,8.1,49.7,High School,Yes,Yes,Yes,Moderate Noise,High,30.5,At-Risk (Fail),High Risk
STU-2047,27.7,96.8,55.1,4.9,79.6,High School,Yes,No,Yes,Quiet / Dedicated,Medium,51.0,Average (C),Moderate Risk
STU-2048,18.9,86.1,68.5,8.6,62.3,Master's / PhD,Yes,No,Yes,Quiet / Dedicated,Medium,60.9,Average (C),Moderate Risk
STU-2049,21.9,93.2,61.2,4.7,83.3,High School,Yes,Yes,Yes,Quiet / Dedicated,Low,52.0,Average (C),Moderate Risk
STU-2050,11.6,83.2,72.3,6.9,57.8,Master's / PhD,Yes,No,Yes,Noisy / Distracting,High,47.9,At-Risk (Fail),High Risk
STU-2051,6.1,90.4,85.9,8.1,56.7,Bachelor's Degree,Yes,No,Yes,Moderate Noise,Low,61.4,Average (C),Moderate Risk
STU-2052,15.0,59.6,62.4,5.8,42.2,Master's / PhD,Yes,No,No,Noisy / Distracting,Medium,32.8,At-Risk (Fail),High Risk
STU-2053,22.7,88.6,85.1,7.6,65.9,Bachelor's Degree,No,No,No,Quiet / Dedicated,Medium,74.9,Good (B),Low Risk
STU-2054,2.0,78.8,66.4,7.4,37.9,Master's / PhD,Yes,No,No,Quiet / Dedicated,Medium,39.9,At-Risk (Fail),High Risk
STU-2055,13.8,81.5,72.7,7.5,60.4,Associate Degree,No,Yes,No,Quiet / Dedicated,Medium,54.8,Average (C),Moderate Risk
STU-2056,4.0,88.0,66.4,6.7,65.7,Bachelor's Degree,Yes,No,Yes,Moderate Noise,Low,51.8,Average (C),Moderate Risk
STU-2057,8.1,72.9,73.1,6.6,58.5,Associate Degree,Yes,Yes,No,Quiet / Dedicated,Medium,53.6,Average (C),Moderate Risk
STU-2058,14.1,87.6,75.5,5.4,50.4,Associate Degree,Yes,No,Yes,Noisy / Distracting,High,47.7,At-Risk (Fail),High Risk
STU-2059,27.9,66.7,77.0,7.0,66.7,Bachelor's Degree,Yes,No,No,Noisy / Distracting,High,50.2,Average (C),Moderate Risk
STU-2060,13.0,76.5,68.0,8.1,62.0,Master's / PhD,Yes,Yes,Yes,Noisy / Distracting,Low,51.6,Average (C),Moderate Risk
STU-2061,18.3,59.2,25.0,6.6,53.9,Master's / PhD,Yes,Yes,No,Moderate Noise,High,28.6,At-Risk (Fail),High Risk
STU-2062,14.9,66.3,76.3,6.7,56.8,Bachelor's Degree,Yes,No,Yes,Moderate Noise,Medium,54.2,Average (C),Moderate Risk
STU-2063,8.4,72.6,40.4,8.8,57.5,Associate Degree,Yes,Yes,Yes,Moderate Noise,High,35.5,At-Risk (Fail),High Risk
STU-2064,16.5,93.4,59.5,6.9,65.6,Associate Degree,Yes,No,No,Quiet / Dedicated,Medium,53.5,Average (C),Moderate Risk
STU-2065,6.0,69.3,34.5,7.5,54.9,Bachelor's Degree,Yes,Yes,Yes,Moderate Noise,Medium,28.0,At-Risk (Fail),High Risk
STU-2066,12.9,66.1,91.8,7.7,50.5,High School,Yes,Yes,No,Quiet / Dedicated,High,53.5,Average (C),Moderate Risk
STU-2067,24.9,83.9,73.8,6.9,77.3,High School,Yes,No,No,Quiet / Dedicated,High,69.5,Good (B),Low Risk
STU-2068,14.3,62.1,63.4,7.8,56.2,Associate Degree,Yes,No,No,Quiet / Dedicated,Medium,50.4,Average (C),Moderate Risk
STU-2069,14.9,60.8,87.9,8.2,51.9,Associate Degree,No,No,No,Quiet / Dedicated,Low,51.7,Average (C),Moderate Risk
STU-2070,10.6,89.8,75.4,8.1,71.2,Associate Degree,Yes,Yes,No,Quiet / Dedicated,Medium,66.1,Good (B),Low Risk
STU-2071,4.8,76.1,69.7,8.2,51.4,High School,No,No,Yes,Quiet / Dedicated,Medium,37.2,At-Risk (Fail),High Risk
STU-2072,11.3,91.6,73.5,4.8,61.5,High School,Yes,No,No,Moderate Noise,Medium,46.4,At-Risk (Fail),High Risk
STU-2073,20.2,64.0,62.7,5.8,63.4,High School,Yes,No,No,Quiet / Dedicated,Low,40.2,At-Risk (Fail),High Risk
STU-2074,15.9,77.1,50.6,6.5,75.8,Master's / PhD,Yes,No,No,Quiet / Dedicated,High,46.7,At-Risk (Fail),High Risk
STU-2075,6.2,77.2,81.5,6.2,63.2,Associate Degree,Yes,No,Yes,Quiet / Dedicated,Low,57.2,Average (C),Moderate Risk
STU-2076,3.9,76.7,67.0,6.3,57.3,Associate Degree,No,No,No,Moderate Noise,Medium,35.1,At-Risk (Fail),High Risk
STU-2077,8.4,86.4,43.4,8.1,68.5,Bachelor's Degree,Yes,Yes,No,Moderate Noise,Low,46.6,At-Risk (Fail),High Risk
STU-2078,11.4,79.7,75.1,7.2,59.8,High School,Yes,No,No,Moderate Noise,Medium,48.2,At-Risk (Fail),High Risk
STU-2079,11.9,98.2,68.6,6.9,69.2,Master's / PhD,Yes,Yes,Yes,Moderate Noise,Low,66.0,Good (B),Low Risk
STU-2080,12.0,85.9,91.8,6.9,60.5,Bachelor's Degree,Yes,No,Yes,Quiet / Dedicated,Low,66.4,Good (B),Low Risk
STU-2081,12.9,84.7,71.8,6.7,51.7,High School,No,Yes,Yes,Moderate Noise,High,49.3,At-Risk (Fail),High Risk
STU-2082,16.2,58.4,51.5,6.8,48.1,Associate Degree,Yes,No,No,Quiet / Dedicated,High,29.5,At-Risk (Fail),High Risk
STU-2083,10.2,40.0,42.9,8.6,43.6,Master's / PhD,Yes,No,No,Quiet / Dedicated,Low,23.7,At-Risk (Fail),High Risk
STU-2084,7.3,85.9,85.7,5.2,63.4,Master's / PhD,Yes,Yes,Yes,Moderate Noise,Medium,59.7,Average (C),Moderate Risk
STU-2085,17.2,87.6,67.1,8.5,75.1,Associate Degree,Yes,Yes,Yes,Quiet / Dedicated,Medium,52.4,Average (C),Moderate Risk
STU-2086,20.4,80.5,55.9,9.6,57.1,Bachelor's Degree,Yes,Yes,Yes,Moderate Noise,High,43.1,At-Risk (Fail),High Risk
STU-2087,9.3,82.2,57.9,8.5,61.5,High School,Yes,No,Yes,Moderate Noise,High,37.7,At-Risk (Fail),High Risk
STU-2088,33.6,87.4,86.2,6.0,70.6,Master's / PhD,Yes,No,No,Quiet / Dedicated,Medium,78.9,Good (B),Low Risk
STU-2089,27.1,44.2,74.6,6.6,57.2,High School,Yes,Yes,No,Quiet / Dedicated,Medium,50.3,Average (C),Moderate Risk
STU-2090,6.5,84.2,83.4,8.2,57.4,Master's / PhD,Yes,No,Yes,Quiet / Dedicated,High,51.5,Average (C),Moderate Risk
STU-2091,4.1,77.0,71.4,6.8,54.2,Bachelor's Degree,Yes,Yes,Yes,Noisy / Distracting,Low,52.8,Average (C),Moderate Risk
STU-2092,11.7,65.5,56.3,6.5,48.7,Bachelor's Degree,Yes,No,Yes,Moderate Noise,Medium,43.3,At-Risk (Fail),High Risk
STU-2093,14.9,85.8,93.0,7.0,56.2,Bachelor's Degree,Yes,No,No,Quiet / Dedicated,High,63.1,Average (C),Moderate Risk
STU-2094,33.4,82.9,62.5,5.9,84.0,High School,Yes,Yes,Yes,Quiet / Dedicated,Medium,58.6,Average (C),Moderate Risk
STU-2095,32.8,52.4,79.3,7.0,58.0,High School,Yes,No,Yes,Moderate Noise,Medium,58.8,Average (C),Moderate Risk
STU-2096,18.3,58.5,83.2,5.8,52.3,High School,Yes,Yes,Yes,Moderate Noise,Medium,51.6,Average (C),Moderate Risk
STU-2097,10.4,82.1,68.1,7.9,57.6,High School,Yes,Yes,No,Quiet / Dedicated,Medium,49.4,At-Risk (Fail),High Risk
STU-2098,23.4,77.1,52.4,6.2,60.2,Bachelor's Degree,Yes,Yes,No,Quiet / Dedicated,Medium,46.0,At-Risk (Fail),High Risk
STU-2099,13.8,70.0,58.5,7.2,66.7,Associate Degree,Yes,Yes,No,Noisy / Distracting,Medium,43.6,At-Risk (Fail),High Risk
STU-2100,5.6,66.8,77.5,6.6,45.9,High School,Yes,No,Yes,Quiet / Dedicated,Medium,46.9,At-Risk (Fail),High Risk
STU-2101,5.8,84.3,75.5,7.5,55.2,Master's / PhD,Yes,No,Yes,Quiet / Dedicated,Medium,59.0,Average (C),Moderate Risk
STU-2102,10.4,69.2,86.2,8.0,43.1,Master's / PhD,Yes,No,Yes,Noisy / Distracting,High,49.2,At-Risk (Fail),High Risk
STU-2103,21.4,75.6,84.0,7.4,70.3,Master's / PhD,Yes,Yes,No,Moderate Noise,Low,68.9,Good (B),Low Risk
STU-2104,6.8,81.4,54.7,6.3,48.5,Master's / PhD,Yes,Yes,Yes,Quiet / Dedicated,Medium,48.8,At-Risk (Fail),High Risk
STU-2105,10.4,81.1,88.2,6.5,52.8,High School,Yes,No,No,Quiet / Dedicated,Medium,51.7,Average (C),Moderate Risk
STU-2106,27.0,80.5,53.6,9.7,72.8,Associate Degree,Yes,No,No,Quiet / Dedicated,Medium,44.4,At-Risk (Fail),High Risk
STU-2107,15.9,93.8,76.3,8.1,82.0,Bachelor's Degree,Yes,Yes,No,Quiet / Dedicated,Low,70.7,Good (B),Low Risk
STU-2108,30.9,80.6,99.0,6.9,77.6,Bachelor's Degree,Yes,No,Yes,Noisy / Distracting,Medium,85.1,Excellent (A),Low Risk
STU-2109,16.9,80.2,72.4,6.5,64.9,High School,Yes,No,Yes,Quiet / Dedicated,High,57.9,Average (C),Moderate Risk
STU-2110,21.8,89.6,43.1,5.5,75.4,Bachelor's Degree,Yes,No,Yes,Moderate Noise,Medium,41.7,At-Risk (Fail),High Risk
STU-2111,10.5,71.5,63.4,8.3,60.6,High School,Yes,No,No,Noisy / Distracting,High,33.5,At-Risk (Fail),High Risk
STU-2112,28.0,91.0,98.4,6.3,78.5,High School,Yes,Yes,No,Quiet / Dedicated,High,87.3,Excellent (A),Low Risk
STU-2113,18.6,79.6,65.1,8.3,76.3,Bachelor's Degree,Yes,Yes,Yes,Quiet / Dedicated,Low,60.2,Average (C),Moderate Risk
STU-2114,12.1,74.4,86.6,8.0,64.0,Bachelor's Degree,Yes,No,Yes,Quiet / Dedicated,Low,68.9,Good (B),Low Risk
STU-2115,25.2,65.5,54.6,8.6,69.7,Bachelor's Degree,Yes,Yes,No,Noisy / Distracting,High,49.5,At-Risk (Fail),High Risk
STU-2116,18.2,81.3,63.0,7.9,58.8,High School,Yes,No,No,Moderate Noise,High,50.8,Average (C),Moderate Risk
STU-2117,12.8,64.9,65.0,6.9,62.7,Master's / PhD,Yes,No,Yes,Quiet / Dedicated,Low,49.6,At-Risk (Fail),High Risk
STU-2118,17.2,80.2,95.3,7.1,59.7,Associate Degree,Yes,Yes,No,Moderate Noise,Low,69.1,Good (B),Low Risk
STU-2119,7.7,83.0,63.7,7.1,59.6,High School,Yes,No,Yes,Moderate Noise,Low,42.3,At-Risk (Fail),High Risk
STU-2120,23.5,72.7,41.6,6.8,68.9,Master's / PhD,Yes,Yes,Yes,Noisy / Distracting,High,47.4,At-Risk (Fail),High Risk
STU-2121,33.1,76.2,99.0,5.3,84.2,Master's / PhD,No,No,No,Quiet / Dedicated,Low,65.6,Good (B),Low Risk
STU-2122,4.6,87.7,71.2,4.7,49.4,Master's / PhD,Yes,No,No,Moderate Noise,Medium,38.5,At-Risk (Fail),High Risk
STU-2123,9.2,86.1,77.2,7.9,62.9,Bachelor's Degree,No,No,No,Noisy / Distracting,High,51.5,Average (C),Moderate Risk
STU-2124,8.8,93.3,45.5,6.9,62.3,Bachelor's Degree,Yes,No,Yes,Quiet / Dedicated,Low,48.9,At-Risk (Fail),High Risk
STU-2125,19.2,81.4,71.6,8.2,62.9,Bachelor's Degree,No,No,No,Quiet / Dedicated,Medium,59.5,Average (C),Moderate Risk
STU-2126,14.5,93.2,68.3,6.7,60.5,High School,Yes,No,Yes,Quiet / Dedicated,Low,51.2,Average (C),Moderate Risk
STU-2127,10.1,86.9,54.5,7.1,61.3,Associate Degree,Yes,No,Yes,Quiet / Dedicated,High,39.8,At-Risk (Fail),High Risk
STU-2128,11.0,78.9,77.4,8.1,49.6,Associate Degree,Yes,Yes,Yes,Quiet / Dedicated,Medium,61.9,Average (C),Moderate Risk
STU-2129,9.5,85.7,44.1,8.8,52.9,Associate Degree,Yes,Yes,Yes,Noisy / Distracting,Medium,37.9,At-Risk (Fail),High Risk
STU-2130,18.0,83.7,54.4,6.8,75.0,Bachelor's Degree,Yes,Yes,No,Quiet / Dedicated,Medium,52.5,Average (C),Moderate Risk
STU-2131,14.4,91.7,85.0,6.0,75.5,Associate Degree,Yes,Yes,No,Quiet / Dedicated,Low,69.7,Good (B),Low Risk
STU-2132,10.7,87.4,57.8,8.4,54.4,High School,Yes,No,Yes,Moderate Noise,Low,43.0,At-Risk (Fail),High Risk
STU-2133,9.6,47.9,61.1,6.8,57.5,High School,Yes,No,Yes,Quiet / Dedicated,Medium,44.6,At-Risk (Fail),High Risk
STU-2134,25.4,89.4,69.3,6.6,84.1,Bachelor's Degree,Yes,No,Yes,Quiet / Dedicated,Medium,71.2,Good (B),Low Risk
STU-2135,23.2,88.1,62.8,6.7,87.7,High School,Yes,Yes,Yes,Moderate Noise,High,55.5,Average (C),Moderate Risk
STU-2136,18.1,61.6,77.7,6.3,55.7,Master's / PhD,No,No,No,Noisy / Distracting,High,46.1,At-Risk (Fail),High Risk
STU-2137,21.9,74.9,70.5,8.0,62.7,Associate Degree,Yes,Yes,No,Moderate Noise,Medium,65.3,Good (B),Low Risk
STU-2138,5.7,67.5,46.9,5.6,41.2,Associate Degree,No,No,Yes,Moderate Noise,Medium,23.3,At-Risk (Fail),High Risk
STU-2139,6.8,86.6,57.7,7.2,63.4,Bachelor's Degree,Yes,No,Yes,Quiet / Dedicated,Medium,45.0,At-Risk (Fail),High Risk
STU-2140,6.3,81.2,56.2,7.4,46.0,Bachelor's Degree,Yes,Yes,No,Noisy / Distracting,High,37.6,At-Risk (Fail),High Risk
STU-2141,13.0,81.9,61.5,6.4,50.8,Associate Degree,Yes,Yes,No,Quiet / Dedicated,Medium,47.9,At-Risk (Fail),High Risk
STU-2142,22.3,76.5,69.6,8.8,62.9,Bachelor's Degree,Yes,Yes,Yes,Moderate Noise,Low,60.1,Average (C),Moderate Risk
STU-2143,10.2,74.0,72.3,8.1,42.9,Bachelor's Degree,Yes,No,Yes,Quiet / Dedicated,Low,46.7,At-Risk (Fail),High Risk
STU-2144,23.9,87.6,34.8,6.6,74.7,Associate Degree,Yes,No,No,Noisy / Distracting,Medium,46.7,At-Risk (Fail),High Risk
STU-2145,9.2,59.7,82.4,7.0,52.1,Master's / PhD,Yes,No,Yes,Moderate Noise,Medium,46.5,At-Risk (Fail),High Risk
STU-2146,12.0,61.7,66.7,8.1,46.2,Bachelor's Degree,No,Yes,Yes,Moderate Noise,Medium,44.8,At-Risk (Fail),High Risk
STU-2147,10.1,80.4,52.3,7.2,45.8,Bachelor's Degree,Yes,No,No,Quiet / Dedicated,Low,43.1,At-Risk (Fail),High Risk
STU-2148,11.5,45.5,81.3,8.6,55.2,Master's / PhD,Yes,No,No,Quiet / Dedicated,Medium,48.3,At-Risk (Fail),High Risk
STU-2149,12.2,86.9,38.5,7.7,76.0,Master's / PhD,Yes,No,No,Moderate Noise,Low,42.6,At-Risk (Fail),High Risk
STU-2150,4.0,96.1,45.9,7.4,70.6,Bachelor's Degree,Yes,Yes,No,Moderate Noise,Low,46.5,At-Risk (Fail),High Risk
STU-2151,15.7,57.6,97.8,7.4,55.2,Bachelor's Degree,Yes,Yes,No,Quiet / Dedicated,Medium,66.7,Good (B),Low Risk
STU-2152,12.0,86.0,70.0,10.0,51.2,Bachelor's Degree,Yes,No,Yes,Noisy / Distracting,Low,42.4,At-Risk (Fail),High Risk
STU-2153,27.9,94.9,57.7,6.0,75.4,Bachelor's Degree,Yes,Yes,Yes,Noisy / Distracting,Medium,55.8,Average (C),Moderate Risk
STU-2154,17.6,80.7,69.5,5.9,76.1,Bachelor's Degree,Yes,Yes,Yes,Quiet / Dedicated,Medium,60.9,Average (C),Moderate Risk
STU-2155,15.3,76.0,65.5,6.8,63.2,Bachelor's Degree,Yes,Yes,Yes,Moderate Noise,Medium,56.3,Average (C),Moderate Risk
STU-2156,27.1,88.2,68.5,8.6,87.6,High School,Yes,No,No,Quiet / Dedicated,Medium,59.2,Average (C),Moderate Risk
STU-2157,25.6,54.7,74.8,4.4,58.6,Master's / PhD,Yes,No,No,Quiet / Dedicated,Low,40.1,At-Risk (Fail),High Risk
STU-2158,28.6,88.0,65.2,5.0,79.1,Master's / PhD,Yes,No,No,Quiet / Dedicated,Low,58.1,Average (C),Moderate Risk
STU-2159,9.6,57.1,73.0,6.7,54.5,High School,Yes,No,No,Moderate Noise,High,27.7,At-Risk (Fail),High Risk
STU-2160,6.2,79.0,65.8,9.4,52.2,Bachelor's Degree,Yes,No,Yes,Moderate Noise,Medium,43.9,At-Risk (Fail),High Risk
STU-2161,4.0,76.0,56.5,7.1,57.5,High School,No,Yes,Yes,Quiet / Dedicated,Medium,35.0,At-Risk (Fail),High Risk
STU-2162,21.7,75.0,52.5,5.8,72.4,Associate Degree,Yes,No,No,Moderate Noise,Low,47.5,At-Risk (Fail),High Risk
STU-2163,3.6,60.0,86.5,8.0,63.8,Bachelor's Degree,Yes,Yes,No,Moderate Noise,Medium,47.4,At-Risk (Fail),High Risk
STU-2164,14.5,85.0,77.1,8.9,72.4,High School,Yes,No,No,Moderate Noise,Medium,61.4,Average (C),Moderate Risk
STU-2165,4.9,64.7,82.5,6.4,54.0,Bachelor's Degree,Yes,No,No,Quiet / Dedicated,Medium,42.7,At-Risk (Fail),High Risk
STU-2166,23.4,74.7,68.1,7.6,72.2,Bachelor's Degree,Yes,Yes,No,Noisy / Distracting,Medium,57.7,Average (C),Moderate Risk
STU-2167,16.9,48.1,71.2,7.3,48.3,Bachelor's Degree,Yes,Yes,No,Quiet / Dedicated,Low,55.3,Average (C),Moderate Risk
STU-2168,23.3,83.9,65.5,7.7,66.3,High School,Yes,Yes,Yes,Quiet / Dedicated,Low,59.9,Average (C),Moderate Risk
STU-2169,14.7,79.9,84.2,6.6,59.7,Associate Degree,Yes,Yes,No,Quiet / Dedicated,High,59.9,Average (C),Moderate Risk
STU-2170,7.3,55.6,63.2,7.8,39.3,Bachelor's Degree,Yes,Yes,No,Quiet / Dedicated,High,39.6,At-Risk (Fail),High Risk
STU-2171,9.9,70.3,54.2,8.0,50.0,Master's / PhD,Yes,No,Yes,Noisy / Distracting,Low,34.4,At-Risk (Fail),High Risk
STU-2172,20.6,79.5,75.3,7.9,67.1,Bachelor's Degree,Yes,No,No,Quiet / Dedicated,Medium,60.6,Average (C),Moderate Risk
STU-2173,4.6,76.7,65.9,5.3,41.1,Associate Degree,Yes,No,Yes,Moderate Noise,Low,37.7,At-Risk (Fail),High Risk
STU-2174,9.5,98.1,71.5,5.5,71.3,Bachelor's Degree,No,No,No,Quiet / Dedicated,Low,52.6,Average (C),Moderate Risk
STU-2175,8.7,86.4,78.0,6.3,75.1,Bachelor's Degree,Yes,No,Yes,Quiet / Dedicated,Medium,54.8,Average (C),Moderate Risk
STU-2176,12.3,84.3,59.9,7.4,54.6,Bachelor's Degree,Yes,No,No,Noisy / Distracting,Low,54.3,Average (C),Moderate Risk
STU-2177,17.9,81.0,64.9,7.7,71.2,High School,Yes,No,Yes,Moderate Noise,Medium,54.8,Average (C),Moderate Risk
STU-2178,23.0,84.5,63.7,5.9,74.3,Bachelor's Degree,Yes,Yes,No,Quiet / Dedicated,Medium,63.7,Average (C),Moderate Risk
STU-2179,5.4,63.4,86.0,7.5,63.4,Bachelor's Degree,Yes,Yes,Yes,Quiet / Dedicated,Low,60.9,Average (C),Moderate Risk
STU-2180,7.6,58.6,68.2,8.1,50.0,Master's / PhD,Yes,No,Yes,Quiet / Dedicated,Low,40.0,At-Risk (Fail),High Risk
STU-2181,5.8,91.1,70.2,7.8,68.3,Associate Degree,Yes,No,Yes,Quiet / Dedicated,High,49.6,At-Risk (Fail),High Risk
STU-2182,12.6,97.4,51.8,6.6,81.2,Bachelor's Degree,Yes,No,No,Moderate Noise,Low,52.3,Average (C),Moderate Risk
STU-2183,6.3,94.2,78.2,6.7,65.7,Master's / PhD,Yes,Yes,Yes,Moderate Noise,Medium,60.6,Average (C),Moderate Risk
STU-2184,15.6,91.0,74.0,5.7,67.3,High School,Yes,Yes,Yes,Quiet / Dedicated,Medium,58.8,Average (C),Moderate Risk
STU-2185,24.7,50.5,56.3,9.0,52.0,Master's / PhD,Yes,No,No,Noisy / Distracting,Medium,31.5,At-Risk (Fail),High Risk
STU-2186,4.1,84.6,94.9,7.6,48.9,Bachelor's Degree,Yes,Yes,Yes,Moderate Noise,Medium,63.0,Average (C),Moderate Risk
STU-2187,7.7,40.0,72.7,5.3,37.0,High School,Yes,No,No,Quiet / Dedicated,Low,29.4,At-Risk (Fail),High Risk
STU-2188,28.7,81.9,59.3,8.4,69.3,Associate Degree,Yes,No,Yes,Quiet / Dedicated,Low,54.2,Average (C),Moderate Risk
STU-2189,14.3,90.1,68.0,7.8,73.1,Bachelor's Degree,Yes,No,No,Moderate Noise,Low,60.6,Average (C),Moderate Risk
STU-2190,9.6,82.2,62.8,8.4,44.3,High School,Yes,No,Yes,Moderate Noise,Medium,37.9,At-Risk (Fail),High Risk
STU-2191,38.0,88.3,89.6,6.5,91.9,Bachelor's Degree,Yes,No,Yes,Quiet / Dedicated,Medium,82.8,Excellent (A),Low Risk
STU-2192,11.0,69.0,81.1,6.6,58.9,Associate Degree,Yes,No,No,Quiet / Dedicated,Low,52.8,Average (C),Moderate Risk
STU-2193,17.5,47.8,74.4,6.2,65.9,Bachelor's Degree,Yes,No,No,Quiet / Dedicated,Low,42.1,At-Risk (Fail),High Risk
STU-2194,8.0,47.0,92.0,9.4,30.4,High School,No,No,No,Moderate Noise,Medium,27.8,At-Risk (Fail),High Risk
STU-2195,7.1,81.2,53.5,6.5,60.6,Master's / PhD,Yes,Yes,Yes,Moderate Noise,Medium,47.7,At-Risk (Fail),High Risk
STU-2196,18.1,74.9,78.9,6.0,74.3,Master's / PhD,Yes,Yes,Yes,Quiet / Dedicated,High,58.5,Average (C),Moderate Risk
STU-2197,30.1,86.1,75.7,6.4,89.1,Master's / PhD,Yes,Yes,Yes,Moderate Noise,Medium,74.9,Good (B),Low Risk
STU-2198,9.8,84.5,64.8,6.7,73.1,Bachelor's Degree,Yes,No,No,Noisy / Distracting,Medium,48.0,At-Risk (Fail),High Risk
STU-2199,6.8,79.0,64.8,8.8,63.2,High School,Yes,No,Yes,Noisy / Distracting,Medium,32.4,At-Risk (Fail),High Risk
STU-2200,21.5,62.2,80.9,7.4,55.5,Bachelor's Degree,Yes,No,Yes,Quiet / Dedicated,High,55.2,Average (C),Moderate Risk
STU-2201,9.9,85.8,79.9,8.5,52.9,High School,No,Yes,Yes,Quiet / Dedicated,High,49.3,At-Risk (Fail),High Risk
STU-2202,15.7,65.7,48.1,7.4,67.3,High School,Yes,Yes,No,Quiet / Dedicated,Medium,48.9,At-Risk (Fail),High Risk
STU-2203,9.7,89.1,93.4,6.9,65.2,Associate Degree,Yes,No,Yes,Quiet / Dedicated,Low,63.8,Average (C),Moderate Risk
STU-2204,10.6,65.0,84.0,6.0,46.4,Associate Degree,Yes,Yes,No,Noisy / Distracting,Low,51.8,Average (C),Moderate Risk
STU-2205,7.6,87.3,64.1,8.9,60.6,Bachelor's Degree,Yes,No,Yes,Quiet / Dedicated,Medium,48.7,At-Risk (Fail),High Risk
STU-2206,18.3,87.8,56.9,8.2,69.9,Bachelor's Degree,Yes,No,No,Quiet / Dedicated,Medium,51.1,Average (C),Moderate Risk
STU-2207,16.0,67.4,83.5,8.3,56.8,Associate Degree,Yes,No,Yes,Quiet / Dedicated,Medium,54.8,Average (C),Moderate Risk
STU-2208,15.7,79.0,74.9,8.1,61.8,Associate Degree,Yes,Yes,No,Quiet / Dedicated,Low,64.8,Average (C),Moderate Risk
STU-2209,8.5,90.0,78.0,6.3,55.4,Master's / PhD,Yes,Yes,No,Moderate Noise,Medium,61.2,Average (C),Moderate Risk
STU-2210,15.2,85.2,76.0,7.4,57.0,Associate Degree,Yes,Yes,Yes,Quiet / Dedicated,High,57.8,Average (C),Moderate Risk
STU-2211,32.3,74.6,85.0,8.3,68.4,Associate Degree,Yes,No,No,Quiet / Dedicated,Medium,73.1,Good (B),Low Risk
STU-2212,6.8,84.5,80.0,8.1,63.2,High School,Yes,No,Yes,Quiet / Dedicated,Medium,49.9,At-Risk (Fail),High Risk
STU-2213,8.0,68.2,60.5,7.3,42.5,Bachelor's Degree,Yes,Yes,No,Quiet / Dedicated,Medium,43.5,At-Risk (Fail),High Risk
STU-2214,8.3,80.1,59.7,9.3,55.0,Bachelor's Degree,Yes,No,No,Quiet / Dedicated,High,37.1,At-Risk (Fail),High Risk
STU-2215,13.6,73.3,73.0,7.7,55.1,High School,Yes,No,Yes,Moderate Noise,High,49.4,At-Risk (Fail),High Risk
STU-2216,6.5,58.9,99.0,8.6,30.0,High School,Yes,Yes,Yes,Moderate Noise,Medium,52.6,Average (C),Moderate Risk
STU-2217,16.9,90.8,65.9,7.3,69.4,Bachelor's Degree,No,No,Yes,Moderate Noise,Medium,52.4,Average (C),Moderate Risk
STU-2218,3.8,84.0,73.1,6.7,45.4,Bachelor's Degree,Yes,No,Yes,Noisy / Distracting,High,39.3,At-Risk (Fail),High Risk
STU-2219,19.5,71.6,80.5,8.2,54.3,Associate Degree,Yes,Yes,Yes,Noisy / Distracting,Medium,58.1,Average (C),Moderate Risk
STU-2220,15.5,86.1,62.1,7.9,76.7,Master's / PhD,No,Yes,Yes,Noisy / Distracting,Medium,52.9,Average (C),Moderate Risk
STU-2221,31.9,90.5,79.2,7.5,84.4,High School,Yes,No,Yes,Quiet / Dedicated,Medium,75.9,Good (B),Low Risk
STU-2222,7.0,45.3,68.2,6.2,41.6,Associate Degree,Yes,No,No,Quiet / Dedicated,Low,33.9,At-Risk (Fail),High Risk
STU-2223,22.0,74.2,85.5,8.2,53.1,Master's / PhD,Yes,No,Yes,Quiet / Dedicated,Medium,72.5,Good (B),Low Risk
STU-2224,12.1,95.6,54.8,6.2,59.4,Associate Degree,Yes,No,Yes,Noisy / Distracting,High,39.7,At-Risk (Fail),High Risk
STU-2225,10.7,90.0,99.0,8.0,64.2,Bachelor's Degree,Yes,No,No,Noisy / Distracting,Medium,66.7,Good (B),Low Risk
STU-2226,6.8,65.4,63.6,5.9,46.5,Associate Degree,Yes,Yes,Yes,Noisy / Distracting,Medium,45.9,At-Risk (Fail),High Risk
STU-2227,9.7,93.0,75.3,6.2,56.7,Associate Degree,Yes,No,Yes,Quiet / Dedicated,Low,53.6,Average (C),Moderate Risk
STU-2228,10.0,82.6,68.1,7.4,54.5,Master's / PhD,Yes,No,Yes,Noisy / Distracting,Medium,50.7,Average (C),Moderate Risk
STU-2229,4.9,71.4,52.9,7.7,50.7,Associate Degree,Yes,Yes,No,Quiet / Dedicated,Medium,39.9,At-Risk (Fail),High Risk
STU-2230,15.4,52.7,79.7,7.3,35.0,Master's / PhD,Yes,No,No,Quiet / Dedicated,Low,52.0,Average (C),Moderate Risk
STU-2231,14.3,86.2,64.3,6.5,75.6,High School,Yes,No,Yes,Quiet / Dedicated,Medium,53.1,Average (C),Moderate Risk
STU-2232,17.5,77.8,75.4,8.3,58.3,High School,Yes,Yes,No,Quiet / Dedicated,Low,56.4,Average (C),Moderate Risk
STU-2233,9.0,63.8,56.7,7.3,37.0,High School,No,No,Yes,Moderate Noise,Medium,30.4,At-Risk (Fail),High Risk
STU-2234,19.9,71.4,64.4,7.3,54.3,Bachelor's Degree,No,Yes,No,Quiet / Dedicated,Medium,45.3,At-Risk (Fail),High Risk
STU-2235,25.4,68.0,63.9,6.9,61.8,Associate Degree,Yes,Yes,No,Quiet / Dedicated,High,61.1,Average (C),Moderate Risk
STU-2236,11.2,76.5,75.7,6.3,57.5,Master's / PhD,No,Yes,No,Moderate Noise,Medium,57.6,Average (C),Moderate Risk
STU-2237,7.1,47.6,72.3,8.3,35.2,Associate Degree,Yes,No,Yes,Noisy / Distracting,Low,33.5,At-Risk (Fail),High Risk
STU-2238,13.2,89.3,65.5,6.4,70.2,Master's / PhD,No,No,Yes,Moderate Noise,Low,56.9,Average (C),Moderate Risk
STU-2239,12.9,93.1,62.8,9.0,57.9,High School,Yes,Yes,Yes,Quiet / Dedicated,Medium,51.4,Average (C),Moderate Risk
STU-2240,11.5,81.1,72.4,6.2,66.7,Master's / PhD,Yes,No,No,Moderate Noise,Medium,53.0,Average (C),Moderate Risk
STU-2241,17.5,88.9,70.8,7.5,74.2,Bachelor's Degree,Yes,No,No,Noisy / Distracting,Medium,56.0,Average (C),Moderate Risk
STU-2242,10.4,46.4,69.8,7.2,37.1,Bachelor's Degree,Yes,No,No,Quiet / Dedicated,Medium,42.6,At-Risk (Fail),High Risk
STU-2243,6.8,66.8,95.6,7.0,57.3,Bachelor's Degree,Yes,No,No,Moderate Noise,Low,55.1,Average (C),Moderate Risk
STU-2244,13.9,82.9,75.7,7.9,61.3,Bachelor's Degree,Yes,No,Yes,Quiet / Dedicated,Medium,63.0,Average (C),Moderate Risk
STU-2245,18.0,76.0,94.9,8.0,63.5,Bachelor's Degree,Yes,No,No,Quiet / Dedicated,Medium,68.6,Good (B),Low Risk
STU-2246,18.8,89.6,67.0,7.7,87.3,High School,Yes,Yes,No,Moderate Noise,Low,63.1,Average (C),Moderate Risk
STU-2247,10.1,78.4,67.3,5.9,71.7,High School,Yes,Yes,No,Noisy / Distracting,Low,39.9,At-Risk (Fail),High Risk
STU-2248,15.0,57.4,60.9,5.8,54.5,Master's / PhD,Yes,No,No,Quiet / Dedicated,Low,43.3,At-Risk (Fail),High Risk
STU-2249,25.7,46.7,72.2,5.7,64.7,Bachelor's Degree,Yes,No,No,Moderate Noise,Low,43.8,At-Risk (Fail),High Risk
STU-2250,25.6,92.8,63.4,6.8,74.2,Bachelor's Degree,Yes,Yes,Yes,Noisy / Distracting,Medium,66.0,Good (B),Low Risk
STU-2251,22.3,89.5,61.4,9.4,65.7,Associate Degree,Yes,Yes,No,Noisy / Distracting,Low,61.4,Average (C),Moderate Risk
STU-2252,4.7,58.1,41.4,7.0,43.1,High School,Yes,Yes,Yes,Quiet / Dedicated,Low,23.6,At-Risk (Fail),High Risk
STU-2253,10.5,80.3,88.5,9.4,56.6,High School,Yes,No,No,Noisy / Distracting,Low,48.9,At-Risk (Fail),High Risk
STU-2254,24.7,83.0,62.6,7.1,68.9,Bachelor's Degree,No,Yes,No,Quiet / Dedicated,High,54.5,Average (C),Moderate Risk
STU-2255,4.7,61.9,88.6,7.3,49.3,Associate Degree,Yes,No,Yes,Moderate Noise,High,41.1,At-Risk (Fail),High Risk
STU-2256,12.3,72.3,66.7,7.8,53.0,High School,Yes,No,No,Quiet / Dedicated,Low,44.3,At-Risk (Fail),High Risk
STU-2257,8.9,80.4,77.0,6.8,53.9,Associate Degree,No,No,Yes,Quiet / Dedicated,Medium,54.7,Average (C),Moderate Risk
STU-2258,15.2,91.7,69.0,7.4,66.3,High School,Yes,Yes,Yes,Moderate Noise,Low,67.3,Good (B),Low Risk
STU-2259,2.9,92.8,73.8,5.2,70.0,Bachelor's Degree,Yes,No,Yes,Quiet / Dedicated,Medium,43.3,At-Risk (Fail),High Risk
STU-2260,23.5,95.1,53.9,6.1,84.1,Associate Degree,Yes,Yes,No,Quiet / Dedicated,Low,64.0,Average (C),Moderate Risk
STU-2261,12.7,75.5,84.6,5.3,58.5,Bachelor's Degree,Yes,No,No,Quiet / Dedicated,Medium,48.3,At-Risk (Fail),High Risk
STU-2262,6.5,74.2,62.9,7.9,53.9,Associate Degree,Yes,No,No,Moderate Noise,Medium,38.1,At-Risk (Fail),High Risk
STU-2263,8.2,83.2,81.0,5.6,52.3,Associate Degree,Yes,No,Yes,Quiet / Dedicated,High,39.6,At-Risk (Fail),High Risk
STU-2264,15.5,92.0,47.6,8.7,80.3,High School,Yes,No,No,Moderate Noise,Low,54.6,Average (C),Moderate Risk
STU-2265,7.8,93.8,57.4,7.5,55.9,High School,No,No,No,Quiet / Dedicated,High,41.8,At-Risk (Fail),High Risk
STU-2266,29.6,53.1,73.2,8.2,49.5,Associate Degree,Yes,No,Yes,Quiet / Dedicated,High,49.7,At-Risk (Fail),High Risk
STU-2267,11.8,78.5,65.7,6.4,53.6,Associate Degree,Yes,Yes,Yes,Quiet / Dedicated,Low,54.1,Average (C),Moderate Risk
STU-2268,26.8,56.4,74.4,5.9,52.0,Bachelor's Degree,Yes,No,Yes,Quiet / Dedicated,Medium,52.5,Average (C),Moderate Risk
STU-2269,13.9,87.4,70.9,6.7,50.3,Associate Degree,Yes,No,No,Quiet / Dedicated,Low,59.7,Average (C),Moderate Risk
STU-2270,18.3,73.8,93.6,8.3,63.5,Bachelor's Degree,Yes,No,No,Quiet / Dedicated,Low,67.0,Good (B),Low Risk
STU-2271,17.8,76.1,75.6,9.4,51.0,Master's / PhD,Yes,No,No,Noisy / Distracting,Low,50.5,Average (C),Moderate Risk
STU-2272,9.6,88.2,61.9,7.7,74.2,Bachelor's Degree,Yes,Yes,Yes,Moderate Noise,Medium,52.5,Average (C),Moderate Risk
STU-2273,18.5,51.5,62.5,5.7,54.9,High School,Yes,No,No,Quiet / Dedicated,Medium,40.0,At-Risk (Fail),High Risk
STU-2274,10.1,73.5,84.9,6.0,51.5,Associate Degree,Yes,No,Yes,Quiet / Dedicated,High,57.9,Average (C),Moderate Risk
STU-2275,4.4,55.1,46.6,5.5,30.0,High School,Yes,No,Yes,Noisy / Distracting,Low,17.8,At-Risk (Fail),High Risk
STU-2276,11.2,67.6,75.8,7.0,57.6,High School,Yes,No,No,Quiet / Dedicated,High,43.6,At-Risk (Fail),High Risk
STU-2277,5.9,88.0,52.4,6.8,62.6,Master's / PhD,Yes,Yes,Yes,Quiet / Dedicated,Low,50.6,Average (C),Moderate Risk
STU-2278,9.9,89.8,83.5,6.9,67.3,High School,Yes,Yes,No,Moderate Noise,High,57.6,Average (C),Moderate Risk
STU-2279,12.4,94.0,61.9,5.9,78.5,Associate Degree,Yes,No,Yes,Moderate Noise,Medium,49.7,At-Risk (Fail),High Risk
STU-2280,7.2,82.0,75.4,5.8,51.3,Bachelor's Degree,Yes,Yes,No,Moderate Noise,Low,49.6,At-Risk (Fail),High Risk
STU-2281,17.1,83.1,68.5,7.2,60.8,Bachelor's Degree,Yes,No,Yes,Quiet / Dedicated,High,55.8,Average (C),Moderate Risk
STU-2282,10.0,68.0,48.6,7.6,51.6,Bachelor's Degree,No,Yes,No,Quiet / Dedicated,Medium,30.0,At-Risk (Fail),High Risk
STU-2283,5.8,49.0,77.0,5.8,45.4,High School,Yes,Yes,Yes,Moderate Noise,Medium,35.3,At-Risk (Fail),High Risk
STU-2284,7.3,74.6,57.9,7.6,60.6,Associate Degree,Yes,No,Yes,Quiet / Dedicated,Medium,35.4,At-Risk (Fail),High Risk
STU-2285,13.4,77.9,79.2,8.1,54.4,Bachelor's Degree,Yes,No,No,Quiet / Dedicated,Medium,55.7,Average (C),Moderate Risk
STU-2286,11.0,75.6,54.0,4.5,56.2,High School,No,No,Yes,Moderate Noise,Medium,22.8,At-Risk (Fail),High Risk
STU-2287,14.9,86.2,71.4,8.8,59.5,Associate Degree,Yes,No,No,Quiet / Dedicated,Medium,57.0,Average (C),Moderate Risk
STU-2288,13.5,80.3,68.5,7.9,53.9,High School,No,Yes,No,Noisy / Distracting,Low,43.2,At-Risk (Fail),High Risk
STU-2289,6.9,65.7,59.6,8.2,49.1,High School,No,No,Yes,Moderate Noise,Medium,29.3,At-Risk (Fail),High Risk
STU-2290,8.8,81.6,87.3,6.0,49.8,Associate Degree,Yes,No,Yes,Moderate Noise,High,41.8,At-Risk (Fail),High Risk
STU-2291,19.9,85.6,68.5,8.0,59.4,High School,No,Yes,No,Quiet / Dedicated,Low,61.2,Average (C),Moderate Risk
STU-2292,7.6,86.4,62.1,8.1,74.8,Bachelor's Degree,Yes,No,No,Quiet / Dedicated,Low,47.8,At-Risk (Fail),High Risk
STU-2293,27.1,82.9,72.2,6.4,84.0,Bachelor's Degree,Yes,No,No,Quiet / Dedicated,Medium,65.6,Good (B),Low Risk
STU-2294,5.0,90.0,47.6,8.0,68.9,Bachelor's Degree,Yes,No,Yes,Quiet / Dedicated,Medium,46.3,At-Risk (Fail),High Risk
STU-2295,19.5,64.8,99.0,6.9,64.8,High School,Yes,Yes,No,Noisy / Distracting,Medium,66.1,Good (B),Low Risk
STU-2296,11.9,74.5,52.8,6.4,52.9,High School,Yes,Yes,Yes,Quiet / Dedicated,Low,39.8,At-Risk (Fail),High Risk
STU-2297,6.9,57.7,75.7,6.9,47.0,High School,Yes,Yes,No,Quiet / Dedicated,Medium,46.1,At-Risk (Fail),High Risk
STU-2298,13.2,87.0,68.9,7.3,63.9,Bachelor's Degree,No,No,No,Quiet / Dedicated,Low,49.9,At-Risk (Fail),High Risk
STU-2299,7.8,86.6,84.5,6.8,77.1,Bachelor's Degree,Yes,No,Yes,Moderate Noise,Medium,61.1,Average (C),Moderate Risk
STU-2300,9.1,84.1,70.5,6.2,63.6,High School,Yes,Yes,Yes,Quiet / Dedicated,High,45.8,At-Risk (Fail),High Risk
STU-2301,10.1,59.3,59.1,7.5,34.5,Master's / PhD,No,No,Yes,Quiet / Dedicated,Low,33.9,At-Risk (Fail),High Risk
STU-2302,18.7,85.1,42.0,7.7,54.2,High School,No,No,Yes,Quiet / Dedicated,Medium,39.9,At-Risk (Fail),High Risk
STU-2303,8.7,87.1,43.1,7.3,55.5,Bachelor's Degree,No,No,No,Noisy / Distracting,High,25.6,At-Risk (Fail),High Risk
STU-2304,14.4,84.9,64.7,5.3,75.5,Bachelor's Degree,Yes,No,Yes,Quiet / Dedicated,Medium,57.7,Average (C),Moderate Risk
STU-2305,19.1,77.1,87.2,6.5,60.4,Master's / PhD,No,Yes,Yes,Noisy / Distracting,High,55.7,Average (C),Moderate Risk
STU-2306,13.0,72.5,44.6,6.2,59.1,Bachelor's Degree,Yes,No,Yes,Moderate Noise,Medium,32.9,At-Risk (Fail),High Risk
STU-2307,15.6,67.1,93.9,9.0,53.4,Bachelor's Degree,Yes,No,No,Quiet / Dedicated,High,52.3,Average (C),Moderate Risk
STU-2308,12.4,61.6,83.2,7.2,45.0,Associate Degree,Yes,No,No,Moderate Noise,Low,50.8,Average (C),Moderate Risk
STU-2309,16.9,92.2,49.1,6.8,58.7,Bachelor's Degree,Yes,No,Yes,Quiet / Dedicated,Low,53.8,Average (C),Moderate Risk
STU-2310,5.7,95.2,52.8,6.5,55.2,High School,Yes,Yes,Yes,Noisy / Distracting,Low,43.2,At-Risk (Fail),High Risk
STU-2311,25.9,58.8,54.2,7.0,68.0,Master's / PhD,Yes,No,No,Moderate Noise,Medium,52.4,Average (C),Moderate Risk
STU-2312,8.4,75.8,72.2,7.9,55.5,Bachelor's Degree,Yes,Yes,No,Quiet / Dedicated,High,43.9,At-Risk (Fail),High Risk
STU-2313,12.0,87.9,67.2,5.1,58.9,Bachelor's Degree,Yes,No,Yes,Quiet / Dedicated,Medium,50.8,Average (C),Moderate Risk
STU-2314,3.5,88.5,66.7,7.4,70.5,Associate Degree,Yes,No,Yes,Quiet / Dedicated,Medium,46.3,At-Risk (Fail),High Risk
STU-2315,9.4,49.6,60.9,6.5,34.8,Bachelor's Degree,Yes,Yes,Yes,Noisy / Distracting,Medium,35.7,At-Risk (Fail),High Risk
STU-2316,14.7,80.4,70.5,7.6,66.0,Bachelor's Degree,Yes,No,Yes,Quiet / Dedicated,Medium,64.6,Average (C),Moderate Risk
STU-2317,27.7,88.3,79.7,8.0,67.2,Bachelor's Degree,Yes,Yes,No,Moderate Noise,Medium,71.4,Good (B),Low Risk
STU-2318,17.3,60.8,66.2,6.3,50.5,High School,Yes,No,No,Quiet / Dedicated,Medium,40.0,At-Risk (Fail),High Risk
STU-2319,9.8,90.1,58.7,5.6,58.0,High School,Yes,No,Yes,Noisy / Distracting,Medium,34.9,At-Risk (Fail),High Risk
STU-2320,4.7,83.9,81.9,6.8,67.7,High School,No,No,No,Quiet / Dedicated,Low,48.4,At-Risk (Fail),High Risk
STU-2321,24.3,83.3,64.9,8.5,74.7,High School,Yes,No,Yes,Moderate Noise,High,58.6,Average (C),Moderate Risk
STU-2322,9.5,71.7,75.7,8.0,63.2,Master's / PhD,Yes,No,No,Quiet / Dedicated,Low,51.2,Average (C),Moderate Risk
STU-2323,14.7,92.9,66.6,6.7,74.6,High School,Yes,No,No,Moderate Noise,Low,53.5,Average (C),Moderate Risk
STU-2324,9.8,90.3,83.2,6.4,48.3,Master's / PhD,Yes,No,Yes,Quiet / Dedicated,High,61.3,Average (C),Moderate Risk
STU-2325,15.7,83.6,85.3,6.5,66.8,Associate Degree,Yes,No,Yes,Quiet / Dedicated,Medium,66.0,Good (B),Low Risk
STU-2326,23.7,40.0,84.8,5.7,56.8,High School,Yes,Yes,No,Quiet / Dedicated,Medium,47.8,At-Risk (Fail),High Risk
STU-2327,18.6,63.6,60.3,8.0,52.6,Bachelor's Degree,Yes,No,Yes,Moderate Noise,Medium,45.6,At-Risk (Fail),High Risk
STU-2328,10.9,77.6,60.1,8.2,66.8,Bachelor's Degree,Yes,Yes,Yes,Quiet / Dedicated,Medium,55.7,Average (C),Moderate Risk
STU-2329,24.6,88.5,80.2,6.7,74.8,Associate Degree,Yes,No,Yes,Moderate Noise,Low,76.4,Good (B),Low Risk
STU-2330,30.9,65.8,67.1,6.5,45.5,Bachelor's Degree,Yes,Yes,No,Quiet / Dedicated,Medium,67.0,Good (B),Low Risk
STU-2331,21.1,79.8,67.5,6.3,69.1,Bachelor's Degree,Yes,Yes,Yes,Noisy / Distracting,Medium,62.9,Average (C),Moderate Risk
STU-2332,10.0,83.9,58.3,6.6,47.5,High School,Yes,No,No,Noisy / Distracting,Medium,35.5,At-Risk (Fail),High Risk
STU-2333,19.5,90.4,87.7,6.3,80.0,Master's / PhD,Yes,No,Yes,Quiet / Dedicated,Medium,80.1,Excellent (A),Low Risk
STU-2334,21.0,68.9,82.6,6.9,66.3,Master's / PhD,Yes,No,No,Quiet / Dedicated,High,57.9,Average (C),Moderate Risk
STU-2335,11.0,89.4,66.3,8.0,69.3,Bachelor's Degree,No,Yes,No,Quiet / Dedicated,Low,49.5,At-Risk (Fail),High Risk
STU-2336,30.9,82.2,59.0,7.9,92.8,High School,No,No,No,Quiet / Dedicated,Medium,59.4,Average (C),Moderate Risk
STU-2337,23.2,79.6,58.3,6.2,70.9,Bachelor's Degree,Yes,No,Yes,Quiet / Dedicated,Medium,61.5,Average (C),Moderate Risk
STU-2338,11.3,95.3,69.9,7.3,80.6,High School,Yes,No,No,Moderate Noise,High,54.4,Average (C),Moderate Risk
STU-2339,10.0,79.5,73.4,7.8,65.1,High School,Yes,Yes,No,Moderate Noise,Low,53.5,Average (C),Moderate Risk
STU-2340,20.7,58.7,55.9,6.1,49.1,Associate Degree,Yes,No,Yes,Noisy / Distracting,Medium,38.9,At-Risk (Fail),High Risk
STU-2341,35.3,88.6,50.6,7.3,80.0,Associate Degree,Yes,Yes,Yes,Quiet / Dedicated,High,67.1,Good (B),Low Risk
STU-2342,5.9,81.3,69.1,8.4,72.2,Master's / PhD,No,No,Yes,Moderate Noise,Low,48.4,At-Risk (Fail),High Risk
STU-2343,16.1,77.9,80.1,6.8,69.2,Bachelor's Degree,No,No,Yes,Quiet / Dedicated,High,53.5,Average (C),Moderate Risk
STU-2344,19.3,57.8,69.0,4.9,54.1,Bachelor's Degree,Yes,No,No,Quiet / Dedicated,Low,39.5,At-Risk (Fail),High Risk
STU-2345,23.6,84.8,64.5,4.3,59.7,Associate Degree,Yes,Yes,Yes,Quiet / Dedicated,Medium,46.3,At-Risk (Fail),High Risk
STU-2346,19.4,95.5,52.2,7.4,65.6,Associate Degree,Yes,No,Yes,Quiet / Dedicated,High,52.4,Average (C),Moderate Risk
STU-2347,9.6,83.2,59.1,7.2,63.7,Associate Degree,Yes,No,No,Quiet / Dedicated,Medium,47.1,At-Risk (Fail),High Risk
STU-2348,5.5,67.8,80.3,7.3,49.6,Master's / PhD,Yes,No,Yes,Moderate Noise,Medium,53.9,Average (C),Moderate Risk
STU-2349,10.6,81.6,50.5,7.6,51.5,High School,Yes,No,Yes,Noisy / Distracting,Low,36.9,At-Risk (Fail),High Risk
STU-2350,19.1,99.0,92.8,5.5,79.6,Master's / PhD,Yes,No,Yes,Quiet / Dedicated,High,68.3,Good (B),Low Risk
STU-2351,9.0,87.2,69.2,6.2,45.1,Bachelor's Degree,Yes,No,No,Quiet / Dedicated,Medium,50.3,Average (C),Moderate Risk
STU-2352,25.6,78.7,45.8,7.6,76.4,Associate Degree,Yes,No,No,Quiet / Dedicated,Low,63.8,Average (C),Moderate Risk
STU-2353,11.8,71.1,75.0,7.9,46.2,Bachelor's Degree,No,No,No,Moderate Noise,Medium,41.2,At-Risk (Fail),High Risk
STU-2354,8.7,68.7,74.3,6.8,40.3,Associate Degree,Yes,No,Yes,Quiet / Dedicated,Medium,51.0,Average (C),Moderate Risk
STU-2355,17.0,84.4,61.9,5.5,72.9,Master's / PhD,Yes,No,No,Moderate Noise,Low,50.3,Average (C),Moderate Risk
STU-2356,11.1,73.5,81.2,7.5,49.5,Master's / PhD,Yes,Yes,Yes,Noisy / Distracting,Low,57.9,Average (C),Moderate Risk
STU-2357,9.8,92.2,59.3,7.2,74.7,Associate Degree,Yes,No,Yes,Noisy / Distracting,Low,44.5,At-Risk (Fail),High Risk
STU-2358,33.0,94.0,76.8,5.9,95.9,Associate Degree,Yes,No,Yes,Quiet / Dedicated,Medium,82.7,Excellent (A),Low Risk
STU-2359,9.0,90.1,67.5,4.9,60.4,Bachelor's Degree,Yes,Yes,No,Noisy / Distracting,Medium,43.6,At-Risk (Fail),High Risk
STU-2360,10.4,72.5,64.0,7.7,60.6,Master's / PhD,Yes,Yes,Yes,Moderate Noise,Medium,54.0,Average (C),Moderate Risk
STU-2361,17.2,85.9,86.8,6.4,62.4,High School,Yes,No,Yes,Quiet / Dedicated,High,54.2,Average (C),Moderate Risk
STU-2362,25.4,83.2,81.8,7.3,61.0,Bachelor's Degree,No,No,Yes,Moderate Noise,High,59.1,Average (C),Moderate Risk
STU-2363,16.3,94.7,52.5,7.3,71.3,Bachelor's Degree,Yes,No,Yes,Moderate Noise,Medium,55.6,Average (C),Moderate Risk
STU-2364,13.4,81.7,73.3,5.8,68.1,Bachelor's Degree,Yes,Yes,No,Quiet / Dedicated,Low,57.2,Average (C),Moderate Risk
STU-2365,35.1,71.4,94.5,7.6,73.5,High School,Yes,No,Yes,Quiet / Dedicated,Medium,78.5,Good (B),Low Risk
STU-2366,10.1,60.4,87.2,6.2,54.4,Bachelor's Degree,Yes,Yes,No,Quiet / Dedicated,Medium,62.6,Average (C),Moderate Risk
STU-2367,10.2,89.5,55.3,5.5,73.0,Master's / PhD,Yes,No,Yes,Moderate Noise,Medium,47.2,At-Risk (Fail),High Risk
STU-2368,9.1,80.6,90.3,5.3,61.3,High School,Yes,Yes,No,Quiet / Dedicated,Medium,51.7,Average (C),Moderate Risk
STU-2369,15.8,86.8,81.0,7.1,57.1,High School,Yes,Yes,No,Noisy / Distracting,Medium,56.4,Average (C),Moderate Risk
STU-2370,7.6,77.2,53.3,8.9,60.9,Master's / PhD,No,Yes,Yes,Moderate Noise,High,33.3,At-Risk (Fail),High Risk
STU-2371,6.4,49.0,70.9,7.1,35.4,High School,No,No,Yes,Moderate Noise,Low,29.2,At-Risk (Fail),High Risk
STU-2372,10.4,82.3,74.7,9.1,62.8,Master's / PhD,No,Yes,No,Quiet / Dedicated,Medium,51.2,Average (C),Moderate Risk
STU-2373,4.6,92.6,52.9,8.7,57.5,Associate Degree,Yes,No,No,Moderate Noise,Low,41.0,At-Risk (Fail),High Risk
STU-2374,14.7,77.3,77.9,7.7,65.9,High School,Yes,No,Yes,Quiet / Dedicated,High,55.5,Average (C),Moderate Risk
STU-2375,15.8,86.4,99.0,8.8,61.8,Master's / PhD,Yes,No,Yes,Quiet / Dedicated,Low,74.9,Good (B),Low Risk
STU-2376,17.3,76.9,87.1,8.7,59.2,Associate Degree,Yes,No,No,Moderate Noise,Low,60.8,Average (C),Moderate Risk
STU-2377,20.0,91.0,70.3,8.4,70.2,Bachelor's Degree,Yes,No,No,Quiet / Dedicated,Medium,64.2,Average (C),Moderate Risk
STU-2378,10.6,85.9,64.1,5.0,67.4,Associate Degree,Yes,Yes,Yes,Moderate Noise,Medium,54.1,Average (C),Moderate Risk
STU-2379,23.8,89.4,72.6,6.8,88.0,Bachelor's Degree,Yes,No,Yes,Quiet / Dedicated,Low,69.2,Good (B),Low Risk
STU-2380,22.6,81.2,54.3,6.3,67.8,High School,Yes,Yes,Yes,Quiet / Dedicated,Medium,53.9,Average (C),Moderate Risk
STU-2381,6.9,73.9,61.3,8.4,45.4,Associate Degree,Yes,Yes,No,Quiet / Dedicated,Medium,36.7,At-Risk (Fail),High Risk
STU-2382,12.4,80.8,40.5,6.8,68.5,Master's / PhD,Yes,No,Yes,Noisy / Distracting,Low,39.2,At-Risk (Fail),High Risk
STU-2383,2.6,86.1,74.1,9.0,57.0,Associate Degree,Yes,No,No,Moderate Noise,Medium,40.9,At-Risk (Fail),High Risk
STU-2384,24.0,78.8,63.3,7.2,81.1,Bachelor's Degree,Yes,No,Yes,Moderate Noise,High,54.1,Average (C),Moderate Risk
STU-2385,19.8,67.7,76.7,7.1,67.1,Associate Degree,No,No,Yes,Quiet / Dedicated,Medium,49.9,At-Risk (Fail),High Risk
STU-2386,26.9,83.8,69.7,6.7,64.3,Bachelor's Degree,Yes,No,No,Quiet / Dedicated,Medium,60.1,Average (C),Moderate Risk
STU-2387,5.0,68.2,53.8,6.9,49.0,High School,Yes,Yes,No,Noisy / Distracting,Medium,32.0,At-Risk (Fail),High Risk
STU-2388,16.6,68.1,70.8,7.4,64.9,Master's / PhD,Yes,Yes,No,Quiet / Dedicated,Medium,61.8,Average (C),Moderate Risk
STU-2389,9.4,91.3,58.0,7.0,63.3,Associate Degree,Yes,Yes,Yes,Quiet / Dedicated,Low,51.4,Average (C),Moderate Risk
STU-2390,3.5,95.1,91.2,6.6,63.8,High School,Yes,Yes,No,Moderate Noise,Low,53.1,Average (C),Moderate Risk
STU-2391,21.4,65.8,56.2,6.7,57.5,High School,Yes,No,No,Quiet / Dedicated,High,41.7,At-Risk (Fail),High Risk
STU-2392,6.0,89.1,61.4,9.1,43.1,High School,Yes,No,Yes,Moderate Noise,High,37.6,At-Risk (Fail),High Risk
STU-2393,15.4,72.4,53.8,9.3,51.0,Bachelor's Degree,Yes,Yes,Yes,Moderate Noise,Medium,45.8,At-Risk (Fail),High Risk
STU-2394,9.4,79.9,52.6,6.6,45.1,Associate Degree,Yes,No,Yes,Quiet / Dedicated,Low,38.4,At-Risk (Fail),High Risk
STU-2395,14.0,49.7,68.4,8.0,39.2,Bachelor's Degree,Yes,No,Yes,Quiet / Dedicated,Low,42.3,At-Risk (Fail),High Risk
STU-2396,20.1,92.9,50.6,6.2,89.4,Associate Degree,Yes,Yes,No,Quiet / Dedicated,Medium,53.3,Average (C),Moderate Risk
STU-2397,14.0,96.3,65.4,6.7,63.6,High School,Yes,Yes,Yes,Noisy / Distracting,Medium,51.5,Average (C),Moderate Risk
STU-2398,7.5,94.9,74.0,5.9,71.2,Bachelor's Degree,Yes,Yes,No,Moderate Noise,Low,54.1,Average (C),Moderate Risk
STU-2399,33.4,90.6,62.1,8.2,82.1,Bachelor's Degree,Yes,Yes,Yes,Quiet / Dedicated,High,70.0,Good (B),Low Risk
STU-2400,10.7,68.9,37.2,7.6,46.1,High School,Yes,Yes,No,Quiet / Dedicated,Medium,31.3,At-Risk (Fail),High Risk
STU-2401,8.4,75.9,86.7,7.8,49.9,High School,Yes,No,Yes,Moderate Noise,High,49.3,At-Risk (Fail),High Risk
STU-2402,12.2,70.8,71.7,8.1,57.3,High School,Yes,Yes,Yes,Moderate Noise,High,43.3,At-Risk (Fail),High Risk
STU-2403,5.1,87.0,71.9,6.1,67.6,Bachelor's Degree,Yes,Yes,Yes,Quiet / Dedicated,Medium,53.7,Average (C),Moderate Risk
STU-2404,8.8,83.3,64.8,6.7,48.2,Bachelor's Degree,Yes,No,Yes,Quiet / Dedicated,Medium,45.7,At-Risk (Fail),High Risk
STU-2405,11.0,81.2,79.4,7.6,57.5,Associate Degree,Yes,No,No,Quiet / Dedicated,Medium,49.7,At-Risk (Fail),High Risk
STU-2406,14.6,81.0,81.1,6.7,74.5,Bachelor's Degree,No,No,Yes,Moderate Noise,Medium,59.0,Average (C),Moderate Risk
STU-2407,13.1,69.5,82.5,7.2,50.6,Bachelor's Degree,Yes,Yes,No,Noisy / Distracting,Medium,52.3,Average (C),Moderate Risk
STU-2408,16.6,75.5,71.8,6.2,61.7,Bachelor's Degree,Yes,No,Yes,Quiet / Dedicated,Medium,48.6,At-Risk (Fail),High Risk
STU-2409,12.5,67.6,48.7,8.6,56.9,Master's / PhD,Yes,No,Yes,Moderate Noise,High,37.9,At-Risk (Fail),High Risk
STU-2410,22.5,77.9,73.7,8.1,68.2,High School,Yes,Yes,Yes,Quiet / Dedicated,Medium,62.7,Average (C),Moderate Risk
STU-2411,18.1,74.6,71.7,8.5,56.8,High School,Yes,Yes,No,Quiet / Dedicated,High,53.5,Average (C),Moderate Risk
STU-2412,15.9,68.2,60.3,7.8,52.8,Associate Degree,Yes,No,No,Quiet / Dedicated,High,44.0,At-Risk (Fail),High Risk
STU-2413,24.4,89.3,56.8,5.9,79.1,High School,No,No,Yes,Moderate Noise,Low,46.9,At-Risk (Fail),High Risk
STU-2414,24.4,93.3,75.6,6.6,79.3,Bachelor's Degree,Yes,No,Yes,Quiet / Dedicated,Low,76.9,Good (B),Low Risk
STU-2415,13.7,93.4,66.9,6.3,58.4,Master's / PhD,Yes,No,Yes,Moderate Noise,Medium,49.2,At-Risk (Fail),High Risk
STU-2416,10.4,82.4,62.5,6.8,53.6,High School,Yes,No,No,Quiet / Dedicated,Medium,43.8,At-Risk (Fail),High Risk
STU-2417,14.4,70.4,91.4,8.3,45.1,High School,Yes,Yes,No,Quiet / Dedicated,High,54.4,Average (C),Moderate Risk
STU-2418,11.9,82.6,77.4,5.5,66.8,Associate Degree,Yes,Yes,Yes,Quiet / Dedicated,Medium,52.1,Average (C),Moderate Risk
STU-2419,10.1,65.6,74.1,6.5,44.3,Master's / PhD,Yes,Yes,No,Moderate Noise,Medium,54.3,Average (C),Moderate Risk
STU-2420,14.0,93.3,85.1,6.7,77.6,Associate Degree,Yes,Yes,Yes,Quiet / Dedicated,Medium,71.7,Good (B),Low Risk
STU-2421,15.6,78.2,72.6,5.7,70.8,Bachelor's Degree,Yes,No,No,Moderate Noise,Low,47.5,At-Risk (Fail),High Risk
STU-2422,17.7,91.5,58.1,7.3,69.5,High School,Yes,No,Yes,Quiet / Dedicated,Medium,50.2,Average (C),Moderate Risk
STU-2423,26.4,90.2,62.5,6.7,85.7,High School,Yes,No,No,Quiet / Dedicated,High,67.7,Good (B),Low Risk
STU-2424,14.8,81.1,78.2,8.3,63.8,Master's / PhD,Yes,Yes,Yes,Quiet / Dedicated,Low,65.0,Good (B),Low Risk
STU-2425,12.6,79.6,76.7,6.8,59.8,Master's / PhD,No,No,No,Quiet / Dedicated,Medium,51.0,Average (C),Moderate Risk
STU-2426,21.1,93.2,74.2,7.6,69.1,High School,Yes,Yes,No,Quiet / Dedicated,Medium,72.3,Good (B),Low Risk
STU-2427,7.9,69.3,52.1,7.2,42.5,Master's / PhD,No,Yes,No,Quiet / Dedicated,Low,32.4,At-Risk (Fail),High Risk
STU-2428,4.6,74.5,79.4,4.4,52.9,Bachelor's Degree,Yes,Yes,No,Moderate Noise,Low,44.5,At-Risk (Fail),High Risk
STU-2429,16.4,68.7,67.1,5.5,67.8,Master's / PhD,Yes,No,No,Moderate Noise,High,40.6,At-Risk (Fail),High Risk
STU-2430,10.6,92.5,76.4,7.5,57.9,Associate Degree,Yes,No,Yes,Quiet / Dedicated,Medium,61.3,Average (C),Moderate Risk
STU-2431,11.1,82.5,56.4,7.5,70.5,Bachelor's Degree,Yes,No,Yes,Quiet / Dedicated,Low,49.8,At-Risk (Fail),High Risk
STU-2432,7.8,94.6,95.5,7.0,69.8,Associate Degree,Yes,No,Yes,Quiet / Dedicated,Low,63.4,Average (C),Moderate Risk
STU-2433,23.3,95.8,71.5,8.6,68.6,Bachelor's Degree,Yes,No,No,Quiet / Dedicated,Medium,67.8,Good (B),Low Risk
STU-2434,4.7,70.9,62.2,7.7,37.9,High School,Yes,Yes,Yes,Quiet / Dedicated,Medium,44.2,At-Risk (Fail),High Risk
STU-2435,17.3,66.2,77.0,8.8,65.3,High School,Yes,Yes,No,Noisy / Distracting,Medium,41.0,At-Risk (Fail),High Risk
STU-2436,12.7,91.6,80.0,4.4,72.1,Associate Degree,Yes,Yes,No,Quiet / Dedicated,Low,45.3,At-Risk (Fail),High Risk
STU-2437,27.3,83.8,76.9,9.0,78.8,Bachelor's Degree,Yes,No,Yes,Quiet / Dedicated,High,69.7,Good (B),Low Risk
STU-2438,21.1,40.0,54.1,6.4,58.2,High School,No,No,Yes,Quiet / Dedicated,Medium,32.6,At-Risk (Fail),High Risk
STU-2439,6.6,77.6,84.0,7.1,54.9,Bachelor's Degree,Yes,Yes,Yes,Quiet / Dedicated,Medium,61.3,Average (C),Moderate Risk
STU-2440,18.1,76.0,63.2,8.4,50.1,Master's / PhD,Yes,No,Yes,Moderate Noise,Medium,55.5,Average (C),Moderate Risk
STU-2441,16.2,87.8,67.8,4.8,71.7,High School,Yes,No,Yes,Quiet / Dedicated,Medium,47.7,At-Risk (Fail),High Risk
STU-2442,12.2,61.2,37.1,6.8,54.7,Bachelor's Degree,Yes,Yes,Yes,Quiet / Dedicated,High,32.9,At-Risk (Fail),High Risk
STU-2443,17.4,97.6,61.5,8.2,74.1,Associate Degree,Yes,No,No,Moderate Noise,High,58.0,Average (C),Moderate Risk
STU-2444,8.8,87.5,61.4,6.4,71.1,Master's / PhD,Yes,No,No,Quiet / Dedicated,Medium,49.7,At-Risk (Fail),High Risk
STU-2445,13.4,98.6,74.3,8.1,63.0,High School,Yes,No,Yes,Moderate Noise,High,54.9,Average (C),Moderate Risk
STU-2446,12.8,86.5,60.7,7.8,61.0,Bachelor's Degree,Yes,Yes,Yes,Moderate Noise,High,54.2,Average (C),Moderate Risk
STU-2447,8.0,40.2,45.3,7.3,35.2,Bachelor's Degree,Yes,No,Yes,Quiet / Dedicated,High,19.0,At-Risk (Fail),High Risk
STU-2448,10.7,77.0,71.4,7.8,59.5,Master's / PhD,Yes,Yes,No,Moderate Noise,Low,62.3,Average (C),Moderate Risk
STU-2449,9.7,79.0,64.5,8.5,54.2,Bachelor's Degree,No,No,No,Quiet / Dedicated,Medium,44.4,At-Risk (Fail),High Risk
STU-2450,15.6,55.1,57.8,7.8,47.4,Associate Degree,Yes,No,Yes,Moderate Noise,Low,35.7,At-Risk (Fail),High Risk
STU-2451,24.0,57.4,69.2,8.1,63.7,Bachelor's Degree,Yes,No,Yes,Quiet / Dedicated,High,50.9,Average (C),Moderate Risk
STU-2452,5.7,83.1,43.1,6.1,58.5,Master's / PhD,Yes,No,No,Quiet / Dedicated,Low,33.2,At-Risk (Fail),High Risk
STU-2453,15.9,52.5,76.7,7.7,50.5,Bachelor's Degree,Yes,No,No,Moderate Noise,Medium,48.1,At-Risk (Fail),High Risk
STU-2454,9.5,90.8,65.4,7.6,71.3,High School,No,No,Yes,Noisy / Distracting,Medium,42.1,At-Risk (Fail),High Risk
STU-2455,20.4,84.4,64.3,8.3,75.9,Master's / PhD,Yes,Yes,No,Noisy / Distracting,Medium,56.6,Average (C),Moderate Risk
STU-2456,15.8,84.3,81.3,5.8,69.8,Bachelor's Degree,Yes,No,Yes,Moderate Noise,Medium,51.9,Average (C),Moderate Risk
STU-2457,4.9,78.4,60.5,8.3,59.7,Bachelor's Degree,Yes,Yes,Yes,Quiet / Dedicated,High,41.0,At-Risk (Fail),High Risk
STU-2458,14.1,86.7,71.6,6.1,66.0,High School,Yes,No,No,Quiet / Dedicated,Medium,52.0,Average (C),Moderate Risk
STU-2459,11.8,65.5,66.2,9.7,49.6,Bachelor's Degree,Yes,No,No,Quiet / Dedicated,High,35.6,At-Risk (Fail),High Risk
STU-2460,6.1,85.6,99.0,6.1,57.4,Associate Degree,Yes,No,Yes,Quiet / Dedicated,Low,57.0,Average (C),Moderate Risk
STU-2461,9.5,97.4,74.8,5.8,66.0,Bachelor's Degree,Yes,No,No,Quiet / Dedicated,Medium,56.0,Average (C),Moderate Risk
STU-2462,13.7,87.5,52.0,6.8,59.2,High School,Yes,No,Yes,Noisy / Distracting,Medium,37.8,At-Risk (Fail),High Risk
STU-2463,9.7,49.8,92.5,8.3,50.1,Bachelor's Degree,No,Yes,No,Quiet / Dedicated,Low,55.5,Average (C),Moderate Risk
STU-2464,21.7,69.0,82.6,7.5,72.0,Master's / PhD,Yes,No,Yes,Quiet / Dedicated,Medium,71.1,Good (B),Low Risk
STU-2465,11.8,92.8,68.6,8.9,67.6,High School,Yes,No,No,Quiet / Dedicated,Medium,50.8,Average (C),Moderate Risk
STU-2466,9.1,87.4,61.9,6.8,59.6,Master's / PhD,Yes,Yes,No,Moderate Noise,Medium,58.4,Average (C),Moderate Risk
STU-2467,14.1,92.0,49.4,6.6,72.2,Associate Degree,Yes,Yes,Yes,Moderate Noise,Medium,50.2,Average (C),Moderate Risk
STU-2468,15.1,68.6,74.0,6.3,47.9,Master's / PhD,No,No,No,Moderate Noise,Medium,41.3,At-Risk (Fail),High Risk
STU-2469,20.5,63.7,58.5,6.5,60.7,Bachelor's Degree,Yes,No,No,Quiet / Dedicated,Low,53.8,Average (C),Moderate Risk
STU-2470,13.1,83.0,55.7,5.6,52.0,Bachelor's Degree,Yes,No,No,Moderate Noise,Low,49.0,At-Risk (Fail),High Risk
STU-2471,14.8,72.4,78.9,6.4,67.5,Bachelor's Degree,Yes,No,Yes,Quiet / Dedicated,Medium,61.5,Average (C),Moderate Risk
STU-2472,10.6,74.4,89.6,5.8,53.8,Master's / PhD,Yes,Yes,No,Noisy / Distracting,Low,53.7,Average (C),Moderate Risk
STU-2473,27.7,96.6,61.3,7.9,91.4,Associate Degree,Yes,Yes,No,Quiet / Dedicated,Low,69.1,Good (B),Low Risk
STU-2474,15.7,81.5,79.3,8.7,53.0,Associate Degree,Yes,No,Yes,Quiet / Dedicated,Medium,56.5,Average (C),Moderate Risk
STU-2475,13.9,79.0,71.0,7.3,66.9,Bachelor's Degree,Yes,No,No,Quiet / Dedicated,Medium,65.8,Good (B),Low Risk
STU-2476,9.7,96.9,73.0,6.4,69.1,Bachelor's Degree,Yes,No,Yes,Moderate Noise,Medium,52.8,Average (C),Moderate Risk
STU-2477,21.9,85.7,56.5,7.9,82.6,Bachelor's Degree,Yes,Yes,Yes,Quiet / Dedicated,Medium,66.5,Good (B),Low Risk
STU-2478,4.5,75.9,65.0,7.1,56.1,Bachelor's Degree,Yes,No,Yes,Noisy / Distracting,Medium,40.7,At-Risk (Fail),High Risk
STU-2479,14.2,59.0,52.6,8.2,57.7,Associate Degree,No,No,No,Quiet / Dedicated,Medium,37.6,At-Risk (Fail),High Risk
STU-2480,8.9,77.5,50.9,6.1,53.9,Bachelor's Degree,Yes,Yes,No,Quiet / Dedicated,Medium,37.4,At-Risk (Fail),High Risk
STU-2481,19.5,91.2,75.3,6.1,79.6,High School,Yes,No,Yes,Quiet / Dedicated,Medium,61.1,Average (C),Moderate Risk
STU-2482,15.2,73.6,60.7,7.9,64.1,Bachelor's Degree,Yes,No,No,Quiet / Dedicated,Medium,46.7,At-Risk (Fail),High Risk
STU-2483,14.0,61.0,55.2,7.1,58.8,High School,Yes,No,Yes,Quiet / Dedicated,Medium,36.3,At-Risk (Fail),High Risk
STU-2484,7.0,70.1,51.1,8.1,59.6,Associate Degree,Yes,Yes,Yes,Quiet / Dedicated,Low,45.1,At-Risk (Fail),High Risk
STU-2485,12.3,89.7,46.8,6.2,65.3,Associate Degree,No,No,Yes,Moderate Noise,Medium,34.2,At-Risk (Fail),High Risk
STU-2486,15.5,83.4,40.6,7.6,52.9,Associate Degree,Yes,Yes,No,Quiet / Dedicated,Medium,45.7,At-Risk (Fail),High Risk
STU-2487,20.5,83.8,69.6,7.7,68.5,Bachelor's Degree,Yes,Yes,No,Noisy / Distracting,High,57.6,Average (C),Moderate Risk
STU-2488,16.6,82.6,31.2,5.4,57.0,Associate Degree,Yes,No,No,Moderate Noise,High,24.9,At-Risk (Fail),High Risk
STU-2489,19.5,88.4,74.6,7.1,75.7,Associate Degree,Yes,No,No,Moderate Noise,Medium,59.8,Average (C),Moderate Risk
STU-2490,5.4,70.3,74.5,4.9,44.0,High School,Yes,Yes,Yes,Quiet / Dedicated,Low,41.0,At-Risk (Fail),High Risk
STU-2491,13.8,93.0,66.6,8.7,66.2,Associate Degree,Yes,No,Yes,Quiet / Dedicated,Low,57.3,Average (C),Moderate Risk
STU-2492,21.0,87.4,69.0,5.7,75.1,High School,Yes,No,Yes,Quiet / Dedicated,Medium,56.5,Average (C),Moderate Risk
STU-2493,2.9,79.5,64.0,6.9,49.1,High School,Yes,No,Yes,Moderate Noise,Medium,37.6,At-Risk (Fail),High Risk
STU-2494,11.3,73.0,71.2,7.1,47.0,Bachelor's Degree,Yes,No,Yes,Noisy / Distracting,Medium,45.6,At-Risk (Fail),High Risk
STU-2495,15.6,59.2,71.0,6.0,61.6,Bachelor's Degree,Yes,No,No,Quiet / Dedicated,Medium,47.2,At-Risk (Fail),High Risk
STU-2496,22.4,93.4,86.2,9.1,71.8,Bachelor's Degree,Yes,No,Yes,Quiet / Dedicated,Low,77.7,Good (B),Low Risk
STU-2497,13.5,64.7,89.5,6.3,59.5,Associate Degree,Yes,Yes,No,Noisy / Distracting,High,53.0,Average (C),Moderate Risk
STU-2498,12.7,78.3,89.0,6.8,59.5,Associate Degree,Yes,Yes,Yes,Quiet / Dedicated,Low,65.8,Good (B),Low Risk
STU-2499,14.9,80.3,56.8,6.3,74.4,Master's / PhD,Yes,No,Yes,Moderate Noise,High,42.7,At-Risk (Fail),High Risk
